static	https://www.thepicklehub.net/blog/pickleball-tour-wars-2023-explained
static	https://www.thepicklehub.net/social
static	https://www.thepicklehub.net/vi/live
static	https://www.thepicklehub.net/blog/pickleball-rules-complete-guide
static	https://www.thepicklehub.net/about
static	https://www.thepicklehub.net/tools/flex-tournament/new
static	https://www.thepicklehub.net/rankings/ppa-tour
static	https://www.thepicklehub.net/vi/clubs
static	https://www.thepicklehub.net/vi/feed
static	https://www.thepicklehub.net/blog/best-pickleball-tournament-software-2026
static	https://www.thepicklehub.net/blog/pickleball-erne-shot-tutorial
static	https://www.thepicklehub.net/vi/forum
static	https://www.thepicklehub.net/blog/vietnam-dupr-leaderboard-launch
static	https://www.thepicklehub.net/blog/mlp-orlando-super-sunday-2026-best-game
static	https://www.thepicklehub.net/tournaments
static	https://www.thepicklehub.net/blog/what-is-dupr-pickleball-rating-system
static	https://www.thepicklehub.net/blog/mlp-format-explained
static	https://www.thepicklehub.net/vi/rankings
static	https://www.thepicklehub.net/vi/rankings/ppa-tour
static	https://www.thepicklehub.net/blog/pickleball-club-management-software-comparison
static	https://www.thepicklehub.net/blog/best-pickleball-paddles-beginners-2026
static	https://www.thepicklehub.net/blog/pickleball-live-streaming-guide
static	https://www.thepicklehub.net/blog/pickleball-third-shot-drop-vs-drive
static	https://www.thepicklehub.net/vi/blog
static	https://www.thepicklehub.net/blog/pickleball-doubles-strategy-guide
static	https://www.thepicklehub.net/blog/hong-kong-slam-2026-preview
static	https://www.thepicklehub.net/blog/pickleball-scoring-rules-guide
static	https://www.thepicklehub.net/blog/pickleball-world-cup-2026-da-nang-how-to-watch
static	https://www.thepicklehub.net/blog/ppa-tour-asia-2026-complete-guide
static	https://www.thepicklehub.net/
static	https://www.thepicklehub.net/tools/flex-tournament
static	https://www.thepicklehub.net/blog/how-to-organize-pickleball-tournament
static	https://www.thepicklehub.net/rss.xml
static	https://www.thepicklehub.net/blog/dupr-thepicklehub-user-guide
static	https://www.thepicklehub.net/vi/tools
static	https://www.thepicklehub.net/blog/tournament-organizer-hub
static	https://www.thepicklehub.net/blog/dupr-algorithm-explained-performance-vs-expectation
static	https://www.thepicklehub.net/blog/pickleball-round-robin-generator-guide
static	https://www.thepicklehub.net/blog/pickleball-world-cup-2026-da-nang
static	https://www.thepicklehub.net/blog
blog	https://www.thepicklehub.net/vi/blog/thuat-ngu-pickleball
blog	https://www.thepicklehub.net/vi/blog/dupr-la-gi-huong-dan-cho-nguoi-choi-viet-nam
blog	https://www.thepicklehub.net/vi/blog/dupr-doi-tac-ta-pickleball-thepicklehub-viet-nam
blog	https://www.thepicklehub.net/vi/blog/cong-cu-tao-vong-tron-pickleball
blog	https://www.thepicklehub.net/vi/blog/tay-vot-pickleball-viet-nam-dang-chu-y-2026
blog	https://www.thepicklehub.net/vi/blog/huong-dan-to-chuc-giai
blog	https://www.thepicklehub.net/vi/blog/truong-vinh-hien-do-minh-quan-ho-so-2026
blog	https://www.thepicklehub.net/vi/blog/tama-shimabukuro-15-tuoi-vao-chung-ket-ppa-atlanta
blog	https://www.thepicklehub.net/vi/blog/cu-erne-pickleball-cach-thuc-hien
blog	https://www.thepicklehub.net/vi/blog/kich-thuoc-san-pickleball-tieu-chuan
blog	https://www.thepicklehub.net/vi/blog/hcmc-open-2026-ket-qua
blog	https://www.thepicklehub.net/vi/blog/phan-mem-quan-ly-clb-pickleball-so-sanh
blog	https://www.thepicklehub.net/vi/blog/bang-a-world-cup-pickleball-2026-doi-thu-viet-nam
blog	https://www.thepicklehub.net/vi/blog/bang-xep-hang-dupr-viet-nam
blog	https://www.thepicklehub.net/vi/blog/chi-phi-choi-pickleball-viet-nam-2026
blog	https://www.thepicklehub.net/vi/blog/tu-tennis-chuyen-sang-pickleball
news	https://www.thepicklehub.net/news/the-only-pickleball-serve-you-need-in-2026-1yz21u
news	https://www.thepicklehub.net/news/peel-pinch-poach-the-3-step-method-for-smarter-doubles-transitions-1w1apu
news	https://www.thepicklehub.net/news/most-pickleball-mistakes-come-from-the-transition-zone-this-drill-can-help-p8cerx
news	https://www.thepicklehub.net/vi/news/ppa-tour-ra-mat-he-thong-xep-hang-toan-cau-moi-danh-cho-van-dong-vien-7b2fb160
news	https://www.thepicklehub.net/news/2026-ppa-tour-finals-format-pools-and-schedule-13tem4
news	https://www.thepicklehub.net/news/mastering-the-ninja-one-handed-backhand-in-pickleball-0cd017c7
news	https://www.thepicklehub.net/vi/news/nhan-dinh-ban-ket-giai-dau-e8a7ddc6
news	https://www.thepicklehub.net/news/joola-drops-limited-edition-ice-pop-inspired-pro-v-paddle-1wkf5g
news	https://www.thepicklehub.net/news/why-controlled-play-beats-raw-power-in-modern-pickleball-f19ce3a7
news	https://www.thepicklehub.net/news/3-simple-fixes-that-stop-you-from-missing-forehand-drives-1t5ere
news	https://www.thepicklehub.net/vi/news/hoc-hoi-bi-quyet-chuyen-nghiep-tu-tran-chung-ket-us-open-2026-ad86560d
news	https://www.thepicklehub.net/news/mastering-pickleball-shot-selection-through-ball-height-c4497c69
news	https://www.thepicklehub.net/news/three-hidden-serve-mistakes-costing-you-points-in-pickleball-80b4191d
news	https://www.thepicklehub.net/news/why-pickleball-shots-keep-going-long-4-quick-fixes-that-actually-work-1qofzk
news	https://www.thepicklehub.net/vi/news/meo-phong-thu-dinh-cao-giup-ban-khong-bi-doi-thu-nham-nguc-tan-cong-1n760w
news	https://www.thepicklehub.net/news/milp-v3-a-year-in-heres-how-the-format-works-4tyily
tournaments	https://www.thepicklehub.net/tournament/ppatour-mesa-cup-2026
tournaments	https://www.thepicklehub.net/tournament/ppatour-indoor-national-championships
tournaments	https://www.thepicklehub.net/tournament/edward-jones-mlp-mid-season-tournament
tournaments	https://www.thepicklehub.net/tournament/mlp-playoffs-dallas-2026
tournaments	https://www.thepicklehub.net/tournament/world-pickleball-league-india-2026
tournaments	https://www.thepicklehub.net/tournament/ppatour-the-master-2026
tournaments	https://www.thepicklehub.net/tournament/amway-mlp-orlando
tournaments	https://www.thepicklehub.net/tournament/mlp-san-diego
matches	https://www.thepicklehub.net/tran-dau/mlp-mlp-c95ddd4b-0dbf-4dde-a2c8-6f1cb957e0b6
matches	https://www.thepicklehub.net/tran-dau/mlp-mlp-45f9b36e-9e22-4218-b40f-e9c25281d225-vs-e9b1ce59-d394-4570-8776-2782c94723f5
matches	https://www.thepicklehub.net/tran-dau/mlp-mlp-71e58382-1a3a-40b2-bcbb-0a391e67c519-vs-db0e1408-288d-4046-b6e0-9b6b279ea8cb
matches	https://www.thepicklehub.net/tran-dau/mlp-mlp-dfd50c88-6687-4e6f-8e67-4b9932a8dbd7-vs-b4f37e71-b9e0-4387-8606-3e22546ad5a9
matches	https://www.thepicklehub.net/tran-dau/mlp-mlp-6e6e4897-ccb9-4ea0-8fda-219e79f7a1ab-vs-519868c1-a900-4db4-b123-0a49acd49c34
matches	https://www.thepicklehub.net/tran-dau/mlp-mlp-70219ed7-f994-45cc-8137-781b08e5fdbe-vs-e9b1ce59-d394-4570-8776-2782c94723f5
matches	https://www.thepicklehub.net/tran-dau/mlp-mlp-519868c1-a900-4db4-b123-0a49acd49c34-vs-1a39f443-f5f4-41a8-9dea-3edc28dd262b
matches	https://www.thepicklehub.net/tran-dau/mlp-mlp-fe9c66f9-c52c-4153-89bc-207d3bb5d934-vs-01835b00-5626-4d6e-ad40-9357b072eb73
events	https://www.thepicklehub.net/clb/163-tran-hoa
events	https://www.thepicklehub.net/vi/social/fun-game-social-tuan3
events	https://www.thepicklehub.net/vi/social/co-dinh-thu-2
events	https://www.thepicklehub.net/clb/leo-hilbert
events	https://www.thepicklehub.net/clb/175-dinh-cong
events	https://www.thepicklehub.net/social/co-dinh-thu-2
events	https://www.thepicklehub.net/social/fun-game-social
events	https://www.thepicklehub.net/clb/test
players	https://www.thepicklehub.net/nguoi-choi/trungnguyen0706
players	https://www.thepicklehub.net/nguoi-choi/pham-quang
players	https://www.thepicklehub.net/nguoi-choi/khanh-trang
players	https://www.thepicklehub.net/nguoi-choi/thecuong-685w
players	https://www.thepicklehub.net/nguoi-choi/nguyen-anh-vu
players	https://www.thepicklehub.net/nguoi-choi/ngochai-dinh86
videos	https://www.thepicklehub.net/watch/91cf2783-441b-4d10-aa85-2227dd6dc783
videos	https://www.thepicklehub.net/watch/f8c9742d-62c0-490e-bc2f-9d69dec50ff7
videos	https://www.thepicklehub.net/watch/39317bbd-9328-4b3e-8645-24c3cb1f14ac
videos	https://www.thepicklehub.net/watch/23827192-f861-47e6-b917-cdc7ac51ca65
livestreams	https://www.thepicklehub.net/live/d41a4662-2fe6-4b69-997b-dfe3bb08c121
livestreams	https://www.thepicklehub.net/live/8ca98c2a-cb45-4772-ac4e-30d4f83dbd9b
livestreams	https://www.thepicklehub.net/live/22459077-bf71-4f91-841c-799f0bdd1909
livestreams	https://www.thepicklehub.net/live/e283def0-68cc-4aa8-984c-94f562590177
livestreams	https://www.thepicklehub.net/live/e5c61e50-d121-4560-9c0a-6d978861d613
livestreams	https://www.thepicklehub.net/live/10779a7c-46f4-4501-a65e-e852eb2fb565
organizations	https://www.thepicklehub.net/org/canpickleball
organizations	https://www.thepicklehub.net/org/tapickleball
organizations	https://www.thepicklehub.net/org/pb-academy
venues	https://www.thepicklehub.net/vi/san/san-pickleball-102-tp-hcm
venues	https://www.thepicklehub.net/vi/san/pickleball-thanh-khe-da-nang
venues	https://www.thepicklehub.net/vi/san/san-pickleball-xuan-truong-nam-dinh
venues	https://www.thepicklehub.net/san/khu-vuc/hue
venues	https://www.thepicklehub.net/vi/san/pickleball-song-han-da-nang
venues	https://www.thepicklehub.net/vi/san/san-pickleball-happy-bac-giang
venues	https://www.thepicklehub.net/vi/san/san-pickleball-nam-hoang-dong-lang-son
venues	https://www.thepicklehub.net/vi/san/san-pickleball-bol-ca-mau
venues	https://www.thepicklehub.net/vi/san/niceserve-pickleball-court-ph
venues	https://www.thepicklehub.net/vi/san/san-pickleball-hai-an-hai-phong
venues	https://www.thepicklehub.net/san/pickleball-hoang-sa-nha-trang
venues	https://www.thepicklehub.net/san/happy-pickleball-ba-ria
venues	https://www.thepicklehub.net/vi/san/san-pickleball-hoang-minh-tp-hcm
venues	https://www.thepicklehub.net/san/san-pickleball-cong-vien-bac-linh-dam
venues	https://www.thepicklehub.net/vi/san/san-pickleball-x20-ha-noi
venues	https://www.thepicklehub.net/san/pickleball-bo-ke-buu-long-nhat
venues	https://www.thepicklehub.net/vi/san/the-pickle-co-1016-ph
venues	https://www.thepicklehub.net/vi/san/clb-pickleball-gia-hoa-tp-hcm
venues	https://www.thepicklehub.net/vi/san/double-bounce-my
venues	https://www.thepicklehub.net/san/pickleball-nam-dong-ha-noi
