id;message_id;user_id;created_at
d3670cbd-ca41-4cc0-a02f-2854e20d7431;885baf3b-9106-4afa-b966-dcb7a84ccdb6;5040f0f2-f564-401c-9737-4b030b6371d7;2026-03-15 15:09:16.984237+00
478a7360-51d2-4170-a024-a0d179dfc3a4;fb475375-3a76-4040-a5d1-dbfc8dc609d4;5d3284cb-fe10-46b1-bc9a-16b3b3fd228d;2026-03-15 15:10:34.495102+00
fd727d08-4524-4a7d-9486-7161a626b27b;56834028-1a99-4aea-bf19-f13968604971;02e19cae-ff9f-4a25-806f-f988945a993c;2026-03-15 16:19:40.834835+00
d5906f4e-b52e-4116-bc38-9ac06067430a;3b6b3128-dd48-471d-ad2a-22be63a86a42;5d3284cb-fe10-46b1-bc9a-16b3b3fd228d;2026-03-15 16:21:41.66729+00
b3c27ae8-f7b8-4031-8378-1aa3dc4f8ea7;7d4a9676-a75a-409a-a753-d875bedde370;02e19cae-ff9f-4a25-806f-f988945a993c;2026-03-15 16:21:43.32996+00
51d76176-9aa5-4ba8-986d-cf1408d6d462;3b6b3128-dd48-471d-ad2a-22be63a86a42;9d8aa5aa-e1e0-43d6-8d70-f292d733674a;2026-03-15 16:21:53.992853+00
5c49f707-bb46-4f93-8687-e7a522439af0;2ef70228-4045-4de5-a438-ab26901e7735;02e19cae-ff9f-4a25-806f-f988945a993c;2026-03-15 16:22:40.055086+00
e7cf47bf-a2c9-40f6-854f-67a97b686129;9f0c68a4-86b0-485a-9b22-13359d479558;02e19cae-ff9f-4a25-806f-f988945a993c;2026-03-15 16:24:27.57399+00
64a7a168-e040-4b70-9d53-038bed0ff03b;03427ae4-c250-4800-9c8b-8a92231b9d5a;02e19cae-ff9f-4a25-806f-f988945a993c;2026-03-15 16:27:56.676457+00
4105de6c-a86f-42a9-842b-265215b1f8ab;2b8b4fa1-25eb-4d2a-a2e0-3d5f216918d0;02e19cae-ff9f-4a25-806f-f988945a993c;2026-03-15 16:29:23.700102+00
aee0625c-6d53-4265-ae1d-be3648ec20d6;999814a7-bca2-444e-865a-a1527fc94393;02e19cae-ff9f-4a25-806f-f988945a993c;2026-03-15 16:31:05.875763+00
48110e54-5cbd-4db8-bedb-c02ff312c9c6;cd87465b-f9ee-4af7-9adc-734900557629;02e19cae-ff9f-4a25-806f-f988945a993c;2026-03-15 16:31:22.535823+00
0074e874-738f-4326-96cc-deca702729fd;5e833b13-94c0-419c-ac02-df88be1de16d;5d3284cb-fe10-46b1-bc9a-16b3b3fd228d;2026-03-15 16:36:20.853983+00
2bcc138e-b8c6-4112-bb68-516621546a16;5e833b13-94c0-419c-ac02-df88be1de16d;02e19cae-ff9f-4a25-806f-f988945a993c;2026-03-15 16:36:35.373937+00
bf06b6a0-81e3-40c4-ae74-b01c27fa1e35;5e833b13-94c0-419c-ac02-df88be1de16d;e3f38c6f-34bf-4293-92a6-07da56d799c4;2026-03-15 16:36:45.806479+00
24be17a4-e42f-45c6-b206-dcd6c628bdda;5e833b13-94c0-419c-ac02-df88be1de16d;bdae5f7e-12b8-43b6-96ad-9b08124ca404;2026-03-15 16:36:49.738094+00
52be2b3c-e847-4020-82a1-29a79b7c156e;5e833b13-94c0-419c-ac02-df88be1de16d;5040f0f2-f564-401c-9737-4b030b6371d7;2026-03-15 16:37:06.364635+00
928e2bdc-0901-4d9a-9250-baf9bfaaa39d;cd56d330-5962-40ed-a921-771b85473a6c;02e19cae-ff9f-4a25-806f-f988945a993c;2026-03-15 16:40:48.036408+00
b697f8ff-e8f8-4b79-98a6-da368245fcaf;b2f75f29-fc61-4f6e-9cbc-502945cee867;02e19cae-ff9f-4a25-806f-f988945a993c;2026-03-15 16:40:57.458896+00
6b0729d5-c51b-48b6-9020-d640f2b44925;40f761c7-3d36-4352-8574-9ec2272a6615;02e19cae-ff9f-4a25-806f-f988945a993c;2026-03-15 16:41:40.607228+00
cf0e66ff-a549-4ad8-877c-4e562929ebdf;cc72e39b-6ea4-4261-8bd4-332ffcfaa431;02e19cae-ff9f-4a25-806f-f988945a993c;2026-03-15 16:43:35.407311+00
c456e3ad-a007-4f25-bfaf-58afa0269493;206b552d-c2c7-4dca-bff1-ed1f1c859b19;02e5e220-6876-4ec0-87c7-cde45a4faae5;2026-03-15 16:44:00.703898+00
c74e1e20-6966-4afe-b295-a8a381f39e5c;40f761c7-3d36-4352-8574-9ec2272a6615;5d3284cb-fe10-46b1-bc9a-16b3b3fd228d;2026-03-15 16:44:07.746527+00
336f150a-449d-49e4-b202-7ee4987a6199;fc6034f9-947e-47c6-8faa-7f8cecb33000;5040f0f2-f564-401c-9737-4b030b6371d7;2026-03-15 16:45:34.205142+00
464a2ee8-8ed9-431e-a4c5-8bcbf635c006;e36ae523-1d60-4e2a-9cd2-0052336557fb;02e19cae-ff9f-4a25-806f-f988945a993c;2026-03-15 16:46:02.078799+00
dd53d80c-ec1c-429f-9470-946d7f502bf9;f5fcdc80-cefc-446c-8287-1a1b9b7e487f;02e19cae-ff9f-4a25-806f-f988945a993c;2026-03-15 16:46:47.802417+00
ed1f28ce-7236-48be-b182-33f7f5980d03;f5fcdc80-cefc-446c-8287-1a1b9b7e487f;d106192a-e7a6-45db-b5c2-3ffa7894dcf0;2026-03-15 16:46:52.149858+00
1ac417e0-26b6-4583-8d26-83f63fb87b24;90d98fb0-0dc3-4798-ba46-35f9b2016ce0;d106192a-e7a6-45db-b5c2-3ffa7894dcf0;2026-03-15 16:47:18.551285+00
1a42db38-24a2-4737-b2d7-0211276f5deb;d40ee574-1be5-4a50-99f8-d355153944ca;bdae5f7e-12b8-43b6-96ad-9b08124ca404;2026-03-15 16:50:18.824635+00
7d3466d7-0aa4-4806-babf-77ecc3875472;d40ee574-1be5-4a50-99f8-d355153944ca;5d3284cb-fe10-46b1-bc9a-16b3b3fd228d;2026-03-15 16:50:40.37057+00
8a54a401-1768-4222-a82d-e30b3f45d2ae;d40ee574-1be5-4a50-99f8-d355153944ca;70415c4e-e380-4b1c-89b5-5b4e768218ff;2026-03-15 16:50:42.742684+00
d4cfbf4d-a4af-41c0-8b43-b69c9bc5cce4;d40ee574-1be5-4a50-99f8-d355153944ca;5040f0f2-f564-401c-9737-4b030b6371d7;2026-03-15 16:50:44.258072+00
b19dbb5d-be61-44d0-8da8-e00712afcbec;3f5a86ff-7f55-412c-b92f-a961f320d2b1;d106192a-e7a6-45db-b5c2-3ffa7894dcf0;2026-03-15 16:50:52.780091+00
0d832ead-8050-449d-98b2-bd2c21dcebcb;ec11620b-d2d7-475f-9daa-be6e7ec7c540;d106192a-e7a6-45db-b5c2-3ffa7894dcf0;2026-03-15 16:51:44.292693+00
7d17a008-ad55-4d20-8f65-140e4fcafdf1;45a6c7e7-a967-4758-ad4f-b7b89b852b73;19e75e51-48b8-410b-95c9-51e931c2f65d;2026-03-15 16:51:45.782455+00
f1ae5785-1920-461a-8f14-6cf749871208;5e8e28fa-205d-4d2c-9c06-09f7fcdcf76d;5d3284cb-fe10-46b1-bc9a-16b3b3fd228d;2026-03-15 16:52:29.432407+00
297eb2e0-d0de-4fe3-95c9-08d2ccace368;5c742aeb-fffe-438f-9501-31ef3279fcb4;5040f0f2-f564-401c-9737-4b030b6371d7;2026-03-15 16:53:09.124768+00
6d2d8f5f-af75-4039-9dc3-69d30fb85686;5c742aeb-fffe-438f-9501-31ef3279fcb4;5d3284cb-fe10-46b1-bc9a-16b3b3fd228d;2026-03-15 16:53:18.296582+00
f7467201-3007-4ee0-b9ca-8b04c492f0bf;24e9383e-4064-44ac-b4cb-a78a7f334614;70415c4e-e380-4b1c-89b5-5b4e768218ff;2026-03-15 16:55:31.18321+00
c1136dfa-82d8-4bfd-accf-806487156cab;306e7f27-e769-4335-9f5b-3d0985e708ac;02e19cae-ff9f-4a25-806f-f988945a993c;2026-03-15 17:00:39.641147+00
e63f9aa1-6378-4cb2-9a3e-e38c51bd6491;08123e5e-5f45-4255-9f28-78753f8c2ca9;02e19cae-ff9f-4a25-806f-f988945a993c;2026-03-15 17:01:13.273311+00
3eb2846a-b582-4f8d-965c-f9d34ad7bf1d;f55ba026-ea36-422a-baea-96152da2eb5c;02e5e220-6876-4ec0-87c7-cde45a4faae5;2026-03-15 17:02:04.535596+00
218790ae-7fe1-47ae-bbaf-351d74659626;886f8713-d5d0-4cb2-8588-8be9ca7eb3e3;02e19cae-ff9f-4a25-806f-f988945a993c;2026-03-15 17:03:22.883218+00
529db593-7722-4945-8ac4-fa0d26cdb624;ccc938a7-0840-4fca-a333-8e3e3140f013;02e19cae-ff9f-4a25-806f-f988945a993c;2026-03-15 17:04:59.462329+00
d8b7ab95-f158-4b33-bd57-47400d00fb61;dfd4080b-bb76-4dd7-b391-2272d9bf03d4;02e19cae-ff9f-4a25-806f-f988945a993c;2026-03-15 17:08:22.454567+00
d1d01c41-7e32-4e85-a1b7-bf815ff6812a;7d100858-459e-4981-9ddf-70bc614aa51b;d106192a-e7a6-45db-b5c2-3ffa7894dcf0;2026-03-15 17:11:05.588692+00
39d67e08-ed92-4eda-9c0d-20d73f8dfcad;8280a8fa-dedb-4435-a433-0cabd5a9857f;02e19cae-ff9f-4a25-806f-f988945a993c;2026-03-15 17:14:54.238954+00
07c3e25d-acf7-4ff8-86fa-38b5c9cff3f5;44a047e7-6a55-40c8-b26c-688e18431671;02e19cae-ff9f-4a25-806f-f988945a993c;2026-03-15 17:15:34.113787+00
be48bad8-aace-4ab8-b853-47762c17779c;7d498f72-593e-4b6e-9cd4-7471f993b29c;02e19cae-ff9f-4a25-806f-f988945a993c;2026-03-15 17:53:36.945202+00
1fafa63a-4528-4df7-91e0-92c9da62cb30;57de0a3d-9855-4380-aa9c-3b8a3ee7a06a;02e19cae-ff9f-4a25-806f-f988945a993c;2026-03-15 17:57:46.753885+00
8621bb41-278e-4da9-a887-99441f65e69a;22f39655-3f1f-44b7-829a-ad3135fd2010;02e19cae-ff9f-4a25-806f-f988945a993c;2026-03-29 15:31:24.343275+00
bae06abf-9508-4156-a80c-83aee381aab7;e866bbb0-bdfa-498e-9f8e-3ea806a82634;d3da26b9-ef79-43f7-8c84-13cea673f862;2026-03-29 15:41:12.145967+00
63f4a652-d9be-4f37-bbdc-b7900055f6b0;1e0ffeb1-6006-4fda-94af-26ff0b52ac84;02e19cae-ff9f-4a25-806f-f988945a993c;2026-03-29 16:22:57.52689+00
73e8772f-91bc-434c-be7c-34bec891306f;993b4db4-7a5e-4335-a20c-6773693db091;02e19cae-ff9f-4a25-806f-f988945a993c;2026-03-29 16:26:39.029395+00
0fb57c1a-48d0-4425-8117-9fbfc213559a;f749810c-7cb3-4aab-b87e-cfe98bb2e20c;02e19cae-ff9f-4a25-806f-f988945a993c;2026-03-29 16:27:53.961557+00
d893ffae-bbda-4225-bce9-39a693fbcbf8;dcd653a2-e6a4-44b6-a384-c53d57373363;77b75b8a-6de6-45cd-821d-c32827312d5b;2026-03-29 16:44:49.851012+00
b464cf9e-0947-474d-b1b8-8e63f19ff649;d92c4173-edfe-4ab6-adc1-418b85f56d48;02e19cae-ff9f-4a25-806f-f988945a993c;2026-03-29 16:48:28.293289+00
92208f21-34bd-4d1d-9b2b-911949c866b8;106a6dbb-d70e-4be7-a7a4-c9461699ebc9;02e19cae-ff9f-4a25-806f-f988945a993c;2026-03-29 17:00:16.230193+00