id;tournament_id;group_id;name;match_type;slot_a1_player_id;slot_a2_player_id;slot_b1_player_id;slot_b2_player_id;slot_a_team_id;slot_b_team_id;score_a;score_b;winner_side;display_order;created_at;updated_at;counts_for_standings;parent_match_id
f165c5f8-63dc-4cba-8fb3-1b0b79a365f0;fb5e4cfd-77f8-46e2-a5f0-848c5d11029c;7304cf9c-3944-46b4-b1b6-0e48b9949d0d;Trung Vũ vs Tùng Đạt;singles;c83f295b-fc69-4858-8359-6715fcdf2e2e;;af3b5d70-839f-434c-8bc8-422e6bc849d6;;;;10;11;b;1;2026-02-01 00:57:32.481223+00;2026-02-01 03:03:21.968101+00;true;
231136c8-4c8f-4af4-a2f5-adc7ea46d848;4b48fa58-fd5d-4711-bc6d-d52f75136a51;;Doubles Match 1;doubles;;;;;;;0;0;;1;2026-03-19 01:59:59.147393+00;2026-03-19 01:59:59.147393+00;true;
d9ee402e-cece-4e2e-9db1-5d4ced28f4df;a5f413e4-6f00-475d-90d2-596b5e299c70;;Singles Match 1;singles;;;;;;;0;0;;0;2026-01-30 15:57:22.964179+00;2026-01-30 15:57:22.964179+00;true;
83001f82-c81c-409e-ac4d-f8ad71d71e35;a5f413e4-6f00-475d-90d2-596b5e299c70;;Doubles Match 1;doubles;;;;;;;0;0;;1;2026-01-30 15:57:22.969259+00;2026-01-30 15:57:22.969259+00;true;
6ac26700-cf08-45c4-bcbe-500256693d25;fb5e4cfd-77f8-46e2-a5f0-848c5d11029c;7304cf9c-3944-46b4-b1b6-0e48b9949d0d;Tùng Đạt vs Đạt Hương;singles;af3b5d70-839f-434c-8bc8-422e6bc849d6;;af3151f8-7352-42ce-b52b-cb36b42d60a4;;;;11;10;a;5;2026-02-01 00:57:32.481223+00;2026-02-01 01:46:51.893154+00;true;
75e8cbdd-df2c-4e34-8b83-6b1f80cb9b0c;0a5c39e3-c6fc-490a-abcd-f2cf301171af;6b9dd493-c8c9-4c05-9e94-3a6c1bc9a1e4;Doubles Match 1;doubles;;;;;;;0;0;;1;2026-01-31 11:02:28.089361+00;2026-02-19 15:35:19.345496+00;true;
929a0583-79b6-441b-96fe-9a52746deb82;fb5e4cfd-77f8-46e2-a5f0-848c5d11029c;7304cf9c-3944-46b4-b1b6-0e48b9949d0d;Trung Vũ vs Hiệp Trí;singles;c83f295b-fc69-4858-8359-6715fcdf2e2e;;a5f1a0b0-1870-4e81-ae49-01c52a64c6ab;;;;6;11;b;0;2026-02-01 00:57:32.481223+00;2026-02-01 01:36:13.465739+00;true;
e67e0d15-7a41-43f6-89b3-4ebfccffff46;fb5e4cfd-77f8-46e2-a5f0-848c5d11029c;c7ff67fa-6d7e-497b-b453-14d4e28339e1;An Thuong vs Long Vi;singles;e46e3345-0c23-4547-9af5-01c287f34cfc;;86fdaad6-f81a-48ab-be06-387ce6415e8c;;;;5;11;b;3;2026-02-01 00:57:24.006765+00;2026-02-01 01:49:03.320278+00;true;
eb9b72db-e17e-49ea-a059-7cfeb360e20b;fb5e4cfd-77f8-46e2-a5f0-848c5d11029c;c7ff67fa-6d7e-497b-b453-14d4e28339e1;Huy Vinh vs An Thuong;singles;fac06ad4-021e-48c4-ad43-41ef3340f47e;;e46e3345-0c23-4547-9af5-01c287f34cfc;;;;11;6;a;0;2026-02-01 00:57:24.006765+00;2026-02-01 03:04:28.583577+00;true;
bae2d35a-06fa-41e3-9588-52902318762f;fb5e4cfd-77f8-46e2-a5f0-848c5d11029c;c7ff67fa-6d7e-497b-b453-14d4e28339e1;Huy Vinh vs Long Vi;singles;fac06ad4-021e-48c4-ad43-41ef3340f47e;;86fdaad6-f81a-48ab-be06-387ce6415e8c;;;;10;11;b;1;2026-02-01 00:57:24.006765+00;2026-02-01 01:59:59.687109+00;true;
0c174cc3-74f1-468a-8ed9-47c7e87f6cee;fb5e4cfd-77f8-46e2-a5f0-848c5d11029c;7304cf9c-3944-46b4-b1b6-0e48b9949d0d;Hiệp Trí vs Tùng Đạt;singles;a5f1a0b0-1870-4e81-ae49-01c52a64c6ab;;af3b5d70-839f-434c-8bc8-422e6bc849d6;;;;11;5;a;3;2026-02-01 00:57:32.481223+00;2026-02-01 02:07:39.64552+00;true;
e95e67d2-67f6-4d2c-aba7-ac74af786652;0d5e1f83-f227-4f1b-af0e-772052aae2cf;63d5c9b5-9832-47ce-a24d-f8a04e3a4883;Trận 1;doubles;;;;;;;0;0;;	-1;2026-01-31 02:25:37.031062+00;2026-01-31 03:33:29.22171+00;true;
f8309039-02e8-40ab-96ea-3d58bfe05944;0d5e1f83-f227-4f1b-af0e-772052aae2cf;771b9a0f-b964-4cfe-9ac5-4dca9ef9c0bc;Trận 2;doubles;;;;;;;0;0;;	-2;2026-01-31 02:25:37.981138+00;2026-01-31 03:33:37.904502+00;true;
17922d8a-6a25-419e-be9a-dc863cfc5ea9;0d5e1f83-f227-4f1b-af0e-772052aae2cf;80e7c7ef-3be5-44b3-a648-98b8b368017f;Trận 3;doubles;;;;;;;0;0;;	-3;2026-01-31 02:31:33.77486+00;2026-01-31 03:33:40.329296+00;true;
a12078d3-59a5-4a11-bed5-67c2ba1ade6f;0d5e1f83-f227-4f1b-af0e-772052aae2cf;858ed27e-adba-4a4b-980a-2fe56d9b8dbf;Trận 4;doubles;;;;;;;0;0;;	-4;2026-01-31 02:31:35.153918+00;2026-01-31 03:33:42.638169+00;true;
4ef51468-f171-42a2-8306-571e7d944150;5002f475-a45e-405e-8f5e-000ec27207a1;f82a2d49-acf3-4592-a6b6-b27ada8359e9;16/3 - Trận 2;doubles;1c4623d7-7bfc-4272-be74-f6f80a675e44;818e72f3-4bf4-4c95-b5f1-cf93111de57e;c337ec79-28db-41ec-a5c0-297352600614;19617a29-2958-4f18-85a6-aad1ad63b67f;;;15;11;a;	-42;2026-03-16 01:11:27.813089+00;2026-03-16 01:13:35.890228+00;true;
52f1b609-1c90-4af0-8125-99a273540db7;fb5e4cfd-77f8-46e2-a5f0-848c5d11029c;7304cf9c-3944-46b4-b1b6-0e48b9949d0d;Trung Vũ vs Đạt Hương;singles;c83f295b-fc69-4858-8359-6715fcdf2e2e;;af3151f8-7352-42ce-b52b-cb36b42d60a4;;;;11;5;a;2;2026-02-01 00:57:32.481223+00;2026-02-01 02:42:48.471288+00;true;
d9366b49-d4bb-4458-94b9-f773b6c31cf8;fb5e4cfd-77f8-46e2-a5f0-848c5d11029c;7304cf9c-3944-46b4-b1b6-0e48b9949d0d;Hiệp Trí vs Đạt Hương;singles;a5f1a0b0-1870-4e81-ae49-01c52a64c6ab;;af3151f8-7352-42ce-b52b-cb36b42d60a4;;;;11;5;a;4;2026-02-01 00:57:32.481223+00;2026-02-01 02:43:01.105424+00;true;
263a78e7-f2f3-4ccf-a7b0-698f9397d4fe;01efa912-877f-40e7-98af-53ce5fd67a3a;;Trận 2;doubles;;;;;;;0;0;;0;2026-01-31 15:27:16.389116+00;2026-01-31 15:27:16.389116+00;true;
c8d52cf6-f0b1-4439-b4c9-1a6b701f1b60;5002f475-a45e-405e-8f5e-000ec27207a1;f82a2d49-acf3-4592-a6b6-b27ada8359e9;3/3 - 1;doubles;1c4623d7-7bfc-4272-be74-f6f80a675e44;fbab9e91-7cd6-42bf-ae0b-4cad25ff7a04;19617a29-2958-4f18-85a6-aad1ad63b67f;c337ec79-28db-41ec-a5c0-297352600614;;;15;13;a;	-7;2026-03-03 01:46:00.255895+00;2026-03-03 01:46:54.73725+00;true;
cb54b87a-9b35-4c77-8855-ea9dfa4c93e9;5002f475-a45e-405e-8f5e-000ec27207a1;9d947f07-6d0b-4172-af0c-be81e8e4465c;27/2 - Séc 2;doubles;1c4623d7-7bfc-4272-be74-f6f80a675e44;fbab9e91-7cd6-42bf-ae0b-4cad25ff7a04;c337ec79-28db-41ec-a5c0-297352600614;818e72f3-4bf4-4c95-b5f1-cf93111de57e;;;11;15;b;1;2026-02-27 01:17:45.791784+00;2026-02-27 01:22:52.15996+00;true;
b0d14bf7-6add-45ad-af75-3321f4f6a713;53077544-419f-4f69-805b-611d031d6bc1;62d81a7d-a68f-40f6-a2d6-892c906b6663;B - Trận 1;doubles;;;;;;;0;0;;	-3;2026-01-30 01:03:18.104796+00;2026-01-30 01:03:18.104796+00;true;
98fedd1a-12d7-4db5-9fe5-3d3f0520d7fd;53077544-419f-4f69-805b-611d031d6bc1;cf416188-5d94-4b05-bcb3-1b267d488e28;A - Trận 1;doubles;;;;;;;0;0;;	-4;2026-01-30 01:03:50.08585+00;2026-01-30 01:03:50.08585+00;true;
167c4728-22e4-47b4-85c5-bd1ab46d2d5f;53077544-419f-4f69-805b-611d031d6bc1;cf416188-5d94-4b05-bcb3-1b267d488e28;Trận 5;doubles;;;;;;;0;0;;	-2;2026-01-30 01:00:12.119346+00;2026-01-30 01:06:21.605071+00;true;
e0491770-ae6a-4ca5-85bc-1f627f78e81c;53077544-419f-4f69-805b-611d031d6bc1;cf416188-5d94-4b05-bcb3-1b267d488e28;Trận 3;doubles;;;;;;;0;0;;	-1;2026-01-30 00:54:57.097721+00;2026-01-30 01:06:26.405605+00;true;
151ec744-8bda-433b-b55d-4d2127781cc3;53077544-419f-4f69-805b-611d031d6bc1;cf416188-5d94-4b05-bcb3-1b267d488e28;Trận 1;doubles;;;;;;;0;0;;	-5;2026-01-30 01:06:42.461724+00;2026-01-30 01:06:47.913266+00;true;
8880f758-3a20-47e7-ba20-cc25b2128af8;53077544-419f-4f69-805b-611d031d6bc1;dfc011a4-91aa-4272-b186-9a8dd88da384;Trận 1;doubles;;;;;;;0;0;;	-5;2026-01-30 01:06:43.300081+00;2026-01-30 01:06:51.612952+00;true;
c57feb2c-389b-4d25-bdd3-5d3f5eae7509;53077544-419f-4f69-805b-611d031d6bc1;;Trận 1;doubles;;;;;;;0;0;;	-6;2026-01-30 01:06:55.075652+00;2026-01-30 01:06:55.075652+00;true;
91fbb99d-88bc-4d8d-8828-0b8c916c2b80;53077544-419f-4f69-805b-611d031d6bc1;;Trận 2;doubles;;;;;;;0;0;;	-7;2026-01-30 01:06:56.094588+00;2026-01-30 01:06:56.094588+00;true;
3e54dd3b-66fa-44d0-95f2-57ebc4c52678;4a7cc1aa-1e88-49da-a501-da17c3f28388;;Singles Match 1;singles;;;;;;;0;0;;0;2026-01-30 02:44:50.198444+00;2026-01-30 02:44:50.198444+00;true;
dd4441cc-90d3-4355-b5a9-f83ee263c938;5002f475-a45e-405e-8f5e-000ec27207a1;f82a2d49-acf3-4592-a6b6-b27ada8359e9;2/3 - 2;doubles;1c4623d7-7bfc-4272-be74-f6f80a675e44;fbab9e91-7cd6-42bf-ae0b-4cad25ff7a04;c337ec79-28db-41ec-a5c0-297352600614;19617a29-2958-4f18-85a6-aad1ad63b67f;;;15;11;a;	-3;2026-03-02 03:07:42.689226+00;2026-03-02 03:08:10.844804+00;true;
7b579072-2632-4552-a2a8-e549c2f5aa70;4a7cc1aa-1e88-49da-a501-da17c3f28388;ce0ce8fe-5195-4127-865a-08c25bf88c6e;Doubles Match 1;doubles;;;;;;;0;0;;1;2026-01-30 02:44:50.211795+00;2026-01-30 02:45:21.701108+00;true;
c29df2db-7f83-442d-92ee-ced62be7b51a;4a7cc1aa-1e88-49da-a501-da17c3f28388;ce0ce8fe-5195-4127-865a-08c25bf88c6e;Khang vs Huy;singles;23f01f76-fbf8-439a-9769-94cc1feb0c81;6eb8bc29-501e-4a05-8711-3e54649b836f;3b16e8e6-b718-4218-891e-942efde1014b;;;;0;0;;0;2026-01-30 02:45:45.97424+00;2026-01-30 02:45:58.669154+00;true;
bd74faa4-9333-41f1-aa20-b2d0cae629f2;5002f475-a45e-405e-8f5e-000ec27207a1;f82a2d49-acf3-4592-a6b6-b27ada8359e9;2/3 - 4;doubles;fe96e809-c559-4e75-a9b6-96cedd149ff8;818e72f3-4bf4-4c95-b5f1-cf93111de57e;19617a29-2958-4f18-85a6-aad1ad63b67f;c337ec79-28db-41ec-a5c0-297352600614;;;13;15;b;	-5;2026-03-02 03:09:50.636193+00;2026-03-02 03:10:31.210821+00;true;
b7fb3b7d-ab67-497a-8e45-ab984f7f650d;5002f475-a45e-405e-8f5e-000ec27207a1;f82a2d49-acf3-4592-a6b6-b27ada8359e9;5/3 - Trận 1;doubles;fbab9e91-7cd6-42bf-ae0b-4cad25ff7a04;19617a29-2958-4f18-85a6-aad1ad63b67f;fe96e809-c559-4e75-a9b6-96cedd149ff8;c337ec79-28db-41ec-a5c0-297352600614;;;1;15;b;	-9;2026-03-05 01:26:14.444963+00;2026-03-05 01:28:00.834832+00;true;
cb893874-297a-4d0a-9b20-3eb9af872b7e;1271f3a2-d3e8-4bc4-8742-3f73d1c75b50;;Tứ kết 3;doubles;565eaf19-c597-4306-a64d-c5ef39d3e828;;5ccabf96-344b-4e3a-a0cb-658c5f33f870;;;;0;0;;	-3;2026-03-03 04:06:52.967911+00;2026-03-03 04:07:38.733645+00;true;
e3df84be-8c2a-4c89-b961-e3efa0ef8011;5002f475-a45e-405e-8f5e-000ec27207a1;f82a2d49-acf3-4592-a6b6-b27ada8359e9;6/3 - Trận 1;doubles;fbab9e91-7cd6-42bf-ae0b-4cad25ff7a04;19617a29-2958-4f18-85a6-aad1ad63b67f;1c4623d7-7bfc-4272-be74-f6f80a675e44;fe96e809-c559-4e75-a9b6-96cedd149ff8;;;12;15;b;	-14;2026-03-06 07:33:20.820589+00;2026-03-06 07:34:54.854859+00;true;
16bcc9c2-b5ea-4ec4-b329-68a89fa1b18b;5002f475-a45e-405e-8f5e-000ec27207a1;f82a2d49-acf3-4592-a6b6-b27ada8359e9;3/3 - 2;doubles;1c4623d7-7bfc-4272-be74-f6f80a675e44;fbab9e91-7cd6-42bf-ae0b-4cad25ff7a04;19617a29-2958-4f18-85a6-aad1ad63b67f;c337ec79-28db-41ec-a5c0-297352600614;;;13;12;a;	-8;2026-03-03 01:47:12.452244+00;2026-03-03 01:48:57.362719+00;true;
a204bbec-1521-4098-a11b-c8209aaf3d8e;5002f475-a45e-405e-8f5e-000ec27207a1;f82a2d49-acf3-4592-a6b6-b27ada8359e9;5/3 - Trận 2;doubles;1c4623d7-7bfc-4272-be74-f6f80a675e44;fbab9e91-7cd6-42bf-ae0b-4cad25ff7a04;fe96e809-c559-4e75-a9b6-96cedd149ff8;c337ec79-28db-41ec-a5c0-297352600614;;;15;11;a;	-10;2026-03-05 01:26:25.057407+00;2026-03-05 01:30:12.408128+00;true;
dee5ef31-b98d-48ec-80fd-8e7b98981cc6;5002f475-a45e-405e-8f5e-000ec27207a1;f82a2d49-acf3-4592-a6b6-b27ada8359e9;5/3 - Trận 3;doubles;c337ec79-28db-41ec-a5c0-297352600614;19617a29-2958-4f18-85a6-aad1ad63b67f;1c4623d7-7bfc-4272-be74-f6f80a675e44;fe96e809-c559-4e75-a9b6-96cedd149ff8;;;11;15;b;	-11;2026-03-05 01:26:26.775752+00;2026-03-05 01:30:16.606678+00;true;
584720b0-b640-4ff3-9e49-80729a0aa6a4;5002f475-a45e-405e-8f5e-000ec27207a1;f82a2d49-acf3-4592-a6b6-b27ada8359e9;6/3 - Trận 3;doubles;fbab9e91-7cd6-42bf-ae0b-4cad25ff7a04;19617a29-2958-4f18-85a6-aad1ad63b67f;c337ec79-28db-41ec-a5c0-297352600614;fe96e809-c559-4e75-a9b6-96cedd149ff8;;;11;15;b;	-16;2026-03-06 07:33:23.650985+00;2026-03-06 07:37:04.504823+00;true;
02e5930c-63f1-4998-b39c-69868b0d1bbd;5002f475-a45e-405e-8f5e-000ec27207a1;f82a2d49-acf3-4592-a6b6-b27ada8359e9;9/3 - Trận 1;doubles;19617a29-2958-4f18-85a6-aad1ad63b67f;c337ec79-28db-41ec-a5c0-297352600614;1c4623d7-7bfc-4272-be74-f6f80a675e44;fe96e809-c559-4e75-a9b6-96cedd149ff8;;;11;15;b;	-19;2026-03-09 01:06:46.753338+00;2026-03-09 01:08:16.780393+00;true;
fcd145e6-fde9-4b7c-8c99-cd93ae352498;5002f475-a45e-405e-8f5e-000ec27207a1;f82a2d49-acf3-4592-a6b6-b27ada8359e9;9/3 - Trận 3;doubles;1c4623d7-7bfc-4272-be74-f6f80a675e44;fbab9e91-7cd6-42bf-ae0b-4cad25ff7a04;fe96e809-c559-4e75-a9b6-96cedd149ff8;c337ec79-28db-41ec-a5c0-297352600614;;;13;15;b;	-21;2026-03-09 01:06:52.581226+00;2026-03-09 01:09:52.337589+00;true;
b8f4342e-cf57-44fd-9d74-0eb49ff309a1;5002f475-a45e-405e-8f5e-000ec27207a1;f82a2d49-acf3-4592-a6b6-b27ada8359e9;9/3 - Trận 4;doubles;1c4623d7-7bfc-4272-be74-f6f80a675e44;fbab9e91-7cd6-42bf-ae0b-4cad25ff7a04;fe96e809-c559-4e75-a9b6-96cedd149ff8;c337ec79-28db-41ec-a5c0-297352600614;;;15;11;a;	-21;2026-03-09 01:06:51.927483+00;2026-03-09 01:10:49.591803+00;true;
447577ec-1970-428a-85fc-06d6475361bb;5002f475-a45e-405e-8f5e-000ec27207a1;f82a2d49-acf3-4592-a6b6-b27ada8359e9;10/3 - Round 1 - Trận 2;doubles;c337ec79-28db-41ec-a5c0-297352600614;19617a29-2958-4f18-85a6-aad1ad63b67f;fbab9e91-7cd6-42bf-ae0b-4cad25ff7a04;fe96e809-c559-4e75-a9b6-96cedd149ff8;;;8;15;b;	-23;2026-03-10 01:26:20.251886+00;2026-03-10 01:28:17.423277+00;true;
122547e6-c14d-4d0c-8cf9-ca4592f820fa;5002f475-a45e-405e-8f5e-000ec27207a1;f82a2d49-acf3-4592-a6b6-b27ada8359e9;3/3 - 3;doubles;1c4623d7-7bfc-4272-be74-f6f80a675e44;fbab9e91-7cd6-42bf-ae0b-4cad25ff7a04;c337ec79-28db-41ec-a5c0-297352600614;19617a29-2958-4f18-85a6-aad1ad63b67f;;;15;13;a;	-8;2026-03-03 01:46:59.686266+00;2026-03-03 01:49:28.566988+00;true;
cb1fce56-82e5-4d17-a825-1b43028a5a7b;5002f475-a45e-405e-8f5e-000ec27207a1;f82a2d49-acf3-4592-a6b6-b27ada8359e9;2/3 - 1;doubles;1c4623d7-7bfc-4272-be74-f6f80a675e44;fbab9e91-7cd6-42bf-ae0b-4cad25ff7a04;19617a29-2958-4f18-85a6-aad1ad63b67f;c337ec79-28db-41ec-a5c0-297352600614;;;15;4;a;	-2;2026-03-02 03:07:04.188454+00;2026-03-02 03:07:39.264855+00;true;
d702bcf7-634b-4dd0-9d93-094d6aa0c4fe;0a5c39e3-c6fc-490a-abcd-f2cf301171af;6b9dd493-c8c9-4c05-9e94-3a6c1bc9a1e4;Singles Match 1;singles;230b7738-5114-4bb6-8f7d-c6bb51ba94c8;;bb914e0e-23a3-4085-866b-d61dcb01e821;;;;0;0;;0;2026-01-31 11:02:28.090346+00;2026-02-19 15:35:10.887703+00;true;
106eff8a-0d36-4eda-85e4-7ad24f4d16d1;fb5e4cfd-77f8-46e2-a5f0-848c5d11029c;0d781711-1394-43f2-a9d9-c6f80c3cd128;Tú Tài vs Mẫn Duyên;singles;f9ad2192-8a13-4e7d-8977-af2b2e621599;;b362bd62-f71f-4aab-87b6-ab0096831dea;;;;4;11;b;3;2026-02-01 00:55:16.92218+00;2026-02-01 01:47:47.600831+00;true;
ebf91509-e299-40f0-9aed-d1345768d2f4;fb5e4cfd-77f8-46e2-a5f0-848c5d11029c;0d781711-1394-43f2-a9d9-c6f80c3cd128;Tú Tài vs Thông Đào;singles;f9ad2192-8a13-4e7d-8977-af2b2e621599;;210ec0e0-3325-43fa-91c2-1e6a7e1ef94d;;;;3;11;b;4;2026-02-01 00:55:16.92218+00;2026-02-01 02:15:30.414154+00;true;
a63302b0-f4c1-4eaa-ab1f-5127f7954bfd;fb5e4cfd-77f8-46e2-a5f0-848c5d11029c;0d781711-1394-43f2-a9d9-c6f80c3cd128;Mẫn Duyên vs Thông Đào;singles;b362bd62-f71f-4aab-87b6-ab0096831dea;;210ec0e0-3325-43fa-91c2-1e6a7e1ef94d;;;;11;5;a;5;2026-02-01 00:55:16.92218+00;2026-02-01 02:40:39.083641+00;true;
f4bcc75d-247e-420a-aae6-109de788b8be;fb5e4cfd-77f8-46e2-a5f0-848c5d11029c;0d781711-1394-43f2-a9d9-c6f80c3cd128;Tony Như vs Mẫn Duyên;singles;0e9ac850-9604-4b68-be3f-55dac2befeb6;;b362bd62-f71f-4aab-87b6-ab0096831dea;;;;5;11;b;1;2026-02-01 00:55:16.92218+00;2026-02-01 02:40:53.168208+00;true;
78607e36-b066-447e-877c-aa97c642b902;fb5e4cfd-77f8-46e2-a5f0-848c5d11029c;0d781711-1394-43f2-a9d9-c6f80c3cd128;Tony Như vs Tú Tài;singles;0e9ac850-9604-4b68-be3f-55dac2befeb6;;f9ad2192-8a13-4e7d-8977-af2b2e621599;;;;11;2;a;0;2026-02-01 00:55:16.92218+00;2026-02-01 02:41:04.055099+00;true;
d5db1c49-904a-4e1b-a52c-a4b0fb85cefa;5002f475-a45e-405e-8f5e-000ec27207a1;f82a2d49-acf3-4592-a6b6-b27ada8359e9;9/3 - Trận 2;doubles;1c4623d7-7bfc-4272-be74-f6f80a675e44;19617a29-2958-4f18-85a6-aad1ad63b67f;fbab9e91-7cd6-42bf-ae0b-4cad25ff7a04;60d61a0f-6907-46cf-9c2a-e6292cd054d3;;;16;14;a;	-20;2026-03-09 01:06:48.347969+00;2026-03-09 01:14:21.964396+00;true;
c16c7d6b-1a58-4e56-90dc-a503375171b2;fb5e4cfd-77f8-46e2-a5f0-848c5d11029c;0d781711-1394-43f2-a9d9-c6f80c3cd128;Tony Như vs Thông Đào;singles;0e9ac850-9604-4b68-be3f-55dac2befeb6;;210ec0e0-3325-43fa-91c2-1e6a7e1ef94d;;;;10;11;b;2;2026-02-01 00:55:16.92218+00;2026-02-01 03:02:09.459328+00;true;
9d6a6036-cc99-45a1-84c3-962a9cb2827e;01efa912-877f-40e7-98af-53ce5fd67a3a;;Doubles Match 1;doubles;84d287e1-51c0-491c-9ca9-20c32408adb4;9288cc6c-d5ac-4c78-9279-37b3e315827f;7c0e3d57-5132-42f7-a259-c3a7eb04d215;3ccd1ba7-2729-4462-a5d6-182907a8874e;;;0;0;;1;2026-01-31 15:25:39.929258+00;2026-01-31 15:26:35.500765+00;true;
b61000fe-9650-4a39-b0dd-402f8a625e9b;5002f475-a45e-405e-8f5e-000ec27207a1;f82a2d49-acf3-4592-a6b6-b27ada8359e9;5/3 - Trận 4;doubles;fbab9e91-7cd6-42bf-ae0b-4cad25ff7a04;19617a29-2958-4f18-85a6-aad1ad63b67f;fe96e809-c559-4e75-a9b6-96cedd149ff8;c337ec79-28db-41ec-a5c0-297352600614;;;8;15;b;	-12;2026-03-05 01:26:28.541916+00;2026-03-05 01:30:22.591405+00;true;
cc6e75f8-b074-4996-9344-b476c66c82f5;5002f475-a45e-405e-8f5e-000ec27207a1;f82a2d49-acf3-4592-a6b6-b27ada8359e9;2/3 - 3;doubles;1c4623d7-7bfc-4272-be74-f6f80a675e44;fbab9e91-7cd6-42bf-ae0b-4cad25ff7a04;fe96e809-c559-4e75-a9b6-96cedd149ff8;818e72f3-4bf4-4c95-b5f1-cf93111de57e;;;16;14;a;	-4;2026-03-02 03:09:05.464474+00;2026-03-02 03:09:44.156382+00;true;
1c3d05af-a594-415d-b42a-9089cc91c7c4;1271f3a2-d3e8-4bc4-8742-3f73d1c75b50;;Tứ kết 1;doubles;fcca0149-8d17-4381-a40f-ff3567faaae9;;c2c23344-d162-4d35-85af-fd9777276260;;;;0;0;;	-1;2026-03-03 04:05:39.588926+00;2026-03-03 04:06:10.235412+00;true;
a7ab7e18-801f-494d-9ca4-c002898c7fef;5002f475-a45e-405e-8f5e-000ec27207a1;9d947f07-6d0b-4172-af0c-be81e8e4465c;27/2 - Séc 1;singles;1c4623d7-7bfc-4272-be74-f6f80a675e44;fbab9e91-7cd6-42bf-ae0b-4cad25ff7a04;c337ec79-28db-41ec-a5c0-297352600614;818e72f3-4bf4-4c95-b5f1-cf93111de57e;;;15;3;a;0;2026-02-27 01:17:45.805248+00;2026-02-27 01:22:26.283805+00;true;
85f45236-4bc4-414d-aee4-aded8386cead;5002f475-a45e-405e-8f5e-000ec27207a1;f82a2d49-acf3-4592-a6b6-b27ada8359e9;6/3 - Trận 2;doubles;1c4623d7-7bfc-4272-be74-f6f80a675e44;fbab9e91-7cd6-42bf-ae0b-4cad25ff7a04;fe96e809-c559-4e75-a9b6-96cedd149ff8;c337ec79-28db-41ec-a5c0-297352600614;;;15;1;a;	-15;2026-03-06 07:33:22.21725+00;2026-03-06 07:35:37.274838+00;true;
ab8e1442-793c-4928-bfc3-14d23067577e;5002f475-a45e-405e-8f5e-000ec27207a1;f82a2d49-acf3-4592-a6b6-b27ada8359e9;6/3 - Trận 5;doubles;1c4623d7-7bfc-4272-be74-f6f80a675e44;fbab9e91-7cd6-42bf-ae0b-4cad25ff7a04;19617a29-2958-4f18-85a6-aad1ad63b67f;c337ec79-28db-41ec-a5c0-297352600614;;;15;6;a;	-18;2026-03-06 07:33:26.31658+00;2026-03-06 07:37:42.408681+00;true;
568e0ac8-5982-45dc-a601-b46112dae316;5002f475-a45e-405e-8f5e-000ec27207a1;f82a2d49-acf3-4592-a6b6-b27ada8359e9;2/3 - 4;doubles;1c4623d7-7bfc-4272-be74-f6f80a675e44;fbab9e91-7cd6-42bf-ae0b-4cad25ff7a04;c337ec79-28db-41ec-a5c0-297352600614;818e72f3-4bf4-4c95-b5f1-cf93111de57e;;;11;0;a;	-6;2026-03-02 03:14:16.789464+00;2026-03-03 01:46:25.269264+00;true;
6fa02c99-d953-4094-9845-e5b3c2141ec1;5002f475-a45e-405e-8f5e-000ec27207a1;9d947f07-6d0b-4172-af0c-be81e8e4465c;27/2 - Séc 3;doubles;1c4623d7-7bfc-4272-be74-f6f80a675e44;fbab9e91-7cd6-42bf-ae0b-4cad25ff7a04;c337ec79-28db-41ec-a5c0-297352600614;818e72f3-4bf4-4c95-b5f1-cf93111de57e;;;11;15;b;	-1;2026-02-27 01:22:08.569422+00;2026-02-27 01:23:41.040707+00;true;
452a866e-e926-4d32-b972-342d95096ca0;1271f3a2-d3e8-4bc4-8742-3f73d1c75b50;;Tứ kết 2;doubles;24332759-7895-4303-937d-1a1907fce6f3;;08781e72-9b9e-4f01-ae10-db7c6abaafab;;;;0;0;;	-2;2026-03-03 04:06:16.775233+00;2026-03-03 04:06:44.777736+00;true;
8589a822-3e12-45a1-9e90-1867b0600bba;047efdd7-d6f1-41e1-8483-eedd59af8c7f;;Doubles Match 1;doubles;;;;;;;0;0;;1;2026-02-02 07:59:22.360062+00;2026-02-02 07:59:22.360062+00;true;
552625bc-cace-4ac0-964a-90f3a044327b;047efdd7-d6f1-41e1-8483-eedd59af8c7f;;Singles Match 1;singles;;;;;;;0;0;;0;2026-02-02 07:59:22.363509+00;2026-02-02 08:28:23.718344+00;false;
975de930-a367-47d6-8715-04118a409389;5002f475-a45e-405e-8f5e-000ec27207a1;f82a2d49-acf3-4592-a6b6-b27ada8359e9;5/3 - Trận 5;doubles;1c4623d7-7bfc-4272-be74-f6f80a675e44;fbab9e91-7cd6-42bf-ae0b-4cad25ff7a04;fe96e809-c559-4e75-a9b6-96cedd149ff8;c337ec79-28db-41ec-a5c0-297352600614;;;15;12;a;	-13;2026-03-05 01:26:30.299497+00;2026-03-05 01:30:47.670897+00;true;
aa002962-ddfe-44dd-94f8-03983ed06c17;1271f3a2-d3e8-4bc4-8742-3f73d1c75b50;;Tứ kết 4;doubles;109da9fa-af1e-44fb-889d-5be414705a86;;cdfef406-2b6c-4e98-8eeb-3f6326ad4dbc;;;;0;0;;	-4;2026-03-03 04:06:55.831327+00;2026-03-03 04:08:11.600088+00;true;
02e0e9b4-0e11-4147-81c8-944079744a40;5002f475-a45e-405e-8f5e-000ec27207a1;f82a2d49-acf3-4592-a6b6-b27ada8359e9;6/3 - Trận 4;doubles;19617a29-2958-4f18-85a6-aad1ad63b67f;c337ec79-28db-41ec-a5c0-297352600614;1c4623d7-7bfc-4272-be74-f6f80a675e44;fe96e809-c559-4e75-a9b6-96cedd149ff8;;;15;3;a;	-17;2026-03-06 07:33:25.027494+00;2026-03-06 07:36:59.78832+00;true;
f86ac111-9ecb-4302-afd6-10ddc4ddaad6;5002f475-a45e-405e-8f5e-000ec27207a1;f82a2d49-acf3-4592-a6b6-b27ada8359e9;10/3 - Round 1 - Trận 3;doubles;1c4623d7-7bfc-4272-be74-f6f80a675e44;818e72f3-4bf4-4c95-b5f1-cf93111de57e;fbab9e91-7cd6-42bf-ae0b-4cad25ff7a04;fe96e809-c559-4e75-a9b6-96cedd149ff8;;;14;16;b;	-24;2026-03-10 01:26:21.612564+00;2026-03-10 01:28:53.473764+00;true;
e86d5b34-2a2b-42d6-be69-8767dc3a72b7;5002f475-a45e-405e-8f5e-000ec27207a1;f82a2d49-acf3-4592-a6b6-b27ada8359e9;10/3 - Round 1 - Trận 1;doubles;1c4623d7-7bfc-4272-be74-f6f80a675e44;818e72f3-4bf4-4c95-b5f1-cf93111de57e;c337ec79-28db-41ec-a5c0-297352600614;19617a29-2958-4f18-85a6-aad1ad63b67f;;;15;7;a;	-22;2026-03-10 01:26:19.194177+00;2026-03-10 01:27:34.330816+00;true;
fa74eeda-6a8c-4547-8c5f-1f81114bf8a4;5002f475-a45e-405e-8f5e-000ec27207a1;f82a2d49-acf3-4592-a6b6-b27ada8359e9;10/3 - Round 2 - Trận 1;doubles;c337ec79-28db-41ec-a5c0-297352600614;fe96e809-c559-4e75-a9b6-96cedd149ff8;1c4623d7-7bfc-4272-be74-f6f80a675e44;818e72f3-4bf4-4c95-b5f1-cf93111de57e;;;11;8;a;	-25;2026-03-10 01:29:11.850909+00;2026-03-10 01:31:14.765527+00;true;
6aa10cc1-8a04-4e8a-9fec-5f54151e6ddf;5002f475-a45e-405e-8f5e-000ec27207a1;f82a2d49-acf3-4592-a6b6-b27ada8359e9;10/3 - Round 2 - Trận 2;doubles;fe96e809-c559-4e75-a9b6-96cedd149ff8;c337ec79-28db-41ec-a5c0-297352600614;fbab9e91-7cd6-42bf-ae0b-4cad25ff7a04;19617a29-2958-4f18-85a6-aad1ad63b67f;;;8;11;b;	-25;2026-03-10 01:29:12.816715+00;2026-03-10 01:31:48.933723+00;true;
e4f3f7fc-b036-4c72-b348-e12cb3e3d399;5002f475-a45e-405e-8f5e-000ec27207a1;f82a2d49-acf3-4592-a6b6-b27ada8359e9;11/3 - Trận 4;doubles;19617a29-2958-4f18-85a6-aad1ad63b67f;fbab9e91-7cd6-42bf-ae0b-4cad25ff7a04;fe96e809-c559-4e75-a9b6-96cedd149ff8;c337ec79-28db-41ec-a5c0-297352600614;;;11;15;b;	-30;2026-03-11 03:22:49.626253+00;2026-03-11 03:27:56.942089+00;true;
0820af15-6207-49ba-a73e-1d91b5f0db48;5002f475-a45e-405e-8f5e-000ec27207a1;f82a2d49-acf3-4592-a6b6-b27ada8359e9;10/3 - Round 2 - Trận 3;doubles;fbab9e91-7cd6-42bf-ae0b-4cad25ff7a04;19617a29-2958-4f18-85a6-aad1ad63b67f;818e72f3-4bf4-4c95-b5f1-cf93111de57e;1c4623d7-7bfc-4272-be74-f6f80a675e44;;;11;5;a;	-26;2026-03-10 01:29:14.153174+00;2026-03-10 01:32:38.149203+00;true;
11e35c05-945c-4c49-b267-f577ea8ed448;5002f475-a45e-405e-8f5e-000ec27207a1;f82a2d49-acf3-4592-a6b6-b27ada8359e9;11/3 - Trận 1;doubles;19617a29-2958-4f18-85a6-aad1ad63b67f;818e72f3-4bf4-4c95-b5f1-cf93111de57e;fe96e809-c559-4e75-a9b6-96cedd149ff8;c337ec79-28db-41ec-a5c0-297352600614;;;13;15;b;	-27;2026-03-11 03:22:45.049571+00;2026-03-11 03:24:30.508519+00;true;
f7ffbf36-1c2e-44ae-843d-7363fe9b2714;5002f475-a45e-405e-8f5e-000ec27207a1;f82a2d49-acf3-4592-a6b6-b27ada8359e9;11/3 - Trận 2;doubles;fbab9e91-7cd6-42bf-ae0b-4cad25ff7a04;818e72f3-4bf4-4c95-b5f1-cf93111de57e;fe96e809-c559-4e75-a9b6-96cedd149ff8;c337ec79-28db-41ec-a5c0-297352600614;;;15;8;a;	-28;2026-03-11 03:22:46.536194+00;2026-03-11 03:25:17.958865+00;true;
8b4bb9f2-463a-404d-a19a-8acf9ddf9876;5002f475-a45e-405e-8f5e-000ec27207a1;f82a2d49-acf3-4592-a6b6-b27ada8359e9;11/3 - Trận 3;doubles;fbab9e91-7cd6-42bf-ae0b-4cad25ff7a04;fe96e809-c559-4e75-a9b6-96cedd149ff8;19617a29-2958-4f18-85a6-aad1ad63b67f;c337ec79-28db-41ec-a5c0-297352600614;;;15;11;a;	-29;2026-03-11 03:22:47.953658+00;2026-03-11 03:26:59.853621+00;true;
dd153f76-e64f-430f-a448-40e4b696864c;5002f475-a45e-405e-8f5e-000ec27207a1;f82a2d49-acf3-4592-a6b6-b27ada8359e9;11/3 - Trận 5;doubles;818e72f3-4bf4-4c95-b5f1-cf93111de57e;fbab9e91-7cd6-42bf-ae0b-4cad25ff7a04;c337ec79-28db-41ec-a5c0-297352600614;fe96e809-c559-4e75-a9b6-96cedd149ff8;;;15;13;a;	-31;2026-03-11 03:22:51.287781+00;2026-03-11 03:28:59.71534+00;true;
cdb86d65-0418-4101-8ff0-5e05bac9673e;5002f475-a45e-405e-8f5e-000ec27207a1;f82a2d49-acf3-4592-a6b6-b27ada8359e9;12/3 - Trận 5;doubles;1c4623d7-7bfc-4272-be74-f6f80a675e44;fbab9e91-7cd6-42bf-ae0b-4cad25ff7a04;fe96e809-c559-4e75-a9b6-96cedd149ff8;c337ec79-28db-41ec-a5c0-297352600614;;;15;13;a;	-36;2026-03-12 02:01:43.308334+00;2026-03-12 02:05:22.859161+00;true;
ef4bf2af-bf7c-4abb-9d19-a34b4921be02;5002f475-a45e-405e-8f5e-000ec27207a1;f82a2d49-acf3-4592-a6b6-b27ada8359e9;12/3 - Trận 2;doubles;1c4623d7-7bfc-4272-be74-f6f80a675e44;fbab9e91-7cd6-42bf-ae0b-4cad25ff7a04;fe96e809-c559-4e75-a9b6-96cedd149ff8;c337ec79-28db-41ec-a5c0-297352600614;;;9;15;b;	-33;2026-03-12 02:01:38.415225+00;2026-03-12 02:03:40.218164+00;true;
656bf0c4-d30e-44b2-9341-07eb19d002ad;5002f475-a45e-405e-8f5e-000ec27207a1;f82a2d49-acf3-4592-a6b6-b27ada8359e9;12/3 - Trận 4;doubles;fbab9e91-7cd6-42bf-ae0b-4cad25ff7a04;19617a29-2958-4f18-85a6-aad1ad63b67f;1c4623d7-7bfc-4272-be74-f6f80a675e44;fe96e809-c559-4e75-a9b6-96cedd149ff8;;;11;15;b;	-35;2026-03-12 02:01:41.585458+00;2026-03-12 02:04:48.613554+00;true;
d24c9bd7-0bba-4cb8-a9b4-fdbadc3e9f58;5002f475-a45e-405e-8f5e-000ec27207a1;f82a2d49-acf3-4592-a6b6-b27ada8359e9;12/3 - Trận 1;doubles;fbab9e91-7cd6-42bf-ae0b-4cad25ff7a04;19617a29-2958-4f18-85a6-aad1ad63b67f;fe96e809-c559-4e75-a9b6-96cedd149ff8;c337ec79-28db-41ec-a5c0-297352600614;;;15;8;a;	-32;2026-03-12 02:00:32.072618+00;2026-03-12 02:03:02.993637+00;true;
2514e2d0-b665-4400-a648-136831db8ce1;5002f475-a45e-405e-8f5e-000ec27207a1;f82a2d49-acf3-4592-a6b6-b27ada8359e9;12/3 - Trận 3;doubles;1c4623d7-7bfc-4272-be74-f6f80a675e44;fbab9e91-7cd6-42bf-ae0b-4cad25ff7a04;fe96e809-c559-4e75-a9b6-96cedd149ff8;c337ec79-28db-41ec-a5c0-297352600614;;;15;10;a;	-34;2026-03-12 02:01:40.22471+00;2026-03-12 02:04:16.471061+00;true;
59968a46-4839-473a-a056-bc2b07297a29;4b48fa58-fd5d-4711-bc6d-d52f75136a51;18bc26da-024e-489d-8eb0-e9a2e274f550;1 vs 4;singles;8aefda29-b94a-4edd-9f91-383e0a83740a;;460eb422-ddb0-4a75-aaa4-acb5a21036f4;;;;0;0;;2;2026-03-19 02:01:48.47925+00;2026-03-19 02:01:48.47925+00;true;
6eb5319e-2578-40d2-b3e1-245d4258f26c;4b48fa58-fd5d-4711-bc6d-d52f75136a51;18bc26da-024e-489d-8eb0-e9a2e274f550;1 vs 5;singles;8aefda29-b94a-4edd-9f91-383e0a83740a;;91670c59-429e-482c-81c4-93e29feca42d;;;;0;0;;3;2026-03-19 02:01:48.47925+00;2026-03-19 02:01:48.47925+00;true;
45fc0ed1-8a22-4bc2-94bc-66160aff7040;5002f475-a45e-405e-8f5e-000ec27207a1;f82a2d49-acf3-4592-a6b6-b27ada8359e9;13/3 - Trận 1;doubles;1c4623d7-7bfc-4272-be74-f6f80a675e44;fe96e809-c559-4e75-a9b6-96cedd149ff8;818e72f3-4bf4-4c95-b5f1-cf93111de57e;c337ec79-28db-41ec-a5c0-297352600614;;;13;15;b;	-37;2026-03-16 01:06:52.300472+00;2026-03-16 01:08:43.1739+00;true;
7e512501-5f0f-42bd-8ef3-3162e43fd228;4b48fa58-fd5d-4711-bc6d-d52f75136a51;18bc26da-024e-489d-8eb0-e9a2e274f550;1 vs 6;singles;8aefda29-b94a-4edd-9f91-383e0a83740a;;2f31ea5e-d4e1-42d8-97c8-f2be4137e102;;;;0;0;;4;2026-03-19 02:01:48.47925+00;2026-03-19 02:01:48.47925+00;true;
b0b8e60c-3b45-4e58-9aba-ffff5f7b810b;5002f475-a45e-405e-8f5e-000ec27207a1;f82a2d49-acf3-4592-a6b6-b27ada8359e9;16/3 - Trận 1;doubles;1c4623d7-7bfc-4272-be74-f6f80a675e44;818e72f3-4bf4-4c95-b5f1-cf93111de57e;fbab9e91-7cd6-42bf-ae0b-4cad25ff7a04;fe96e809-c559-4e75-a9b6-96cedd149ff8;;;15;10;a;	-42;2026-03-16 01:11:27.057145+00;2026-03-16 01:12:54.97994+00;true;
79ec6467-2077-43b0-8ce3-f6e796526b5a;5002f475-a45e-405e-8f5e-000ec27207a1;f82a2d49-acf3-4592-a6b6-b27ada8359e9;13/3 - Trận 2;doubles;1c4623d7-7bfc-4272-be74-f6f80a675e44;fbab9e91-7cd6-42bf-ae0b-4cad25ff7a04;818e72f3-4bf4-4c95-b5f1-cf93111de57e;c337ec79-28db-41ec-a5c0-297352600614;;;15;13;a;	-38;2026-03-16 01:06:56.351601+00;2026-03-16 01:09:23.894406+00;true;
bf6e86b1-9ec6-4b3f-be48-4ac351a8ea37;4b48fa58-fd5d-4711-bc6d-d52f75136a51;18bc26da-024e-489d-8eb0-e9a2e274f550;1 vs 7;singles;8aefda29-b94a-4edd-9f91-383e0a83740a;;16fb5f6e-0f8d-4222-8705-68581d9ac988;;;;0;0;;5;2026-03-19 02:01:48.47925+00;2026-03-19 02:01:48.47925+00;true;
8a671080-a43b-4d0c-8889-7550f1f359bc;4b48fa58-fd5d-4711-bc6d-d52f75136a51;18bc26da-024e-489d-8eb0-e9a2e274f550;2 vs 3;singles;51c69740-8ce5-49c2-b2e9-e5ec849987cf;;b327a797-c387-43b5-a0ad-eacd2d7dd7a3;;;;0;0;;6;2026-03-19 02:01:48.47925+00;2026-03-19 02:01:48.47925+00;true;
d7c82c9d-a08a-4f65-8269-85545ada40d6;4b48fa58-fd5d-4711-bc6d-d52f75136a51;18bc26da-024e-489d-8eb0-e9a2e274f550;2 vs 4;singles;51c69740-8ce5-49c2-b2e9-e5ec849987cf;;460eb422-ddb0-4a75-aaa4-acb5a21036f4;;;;0;0;;7;2026-03-19 02:01:48.47925+00;2026-03-19 02:01:48.47925+00;true;
a6f99cff-b697-4291-9971-9a5ee794e2df;5002f475-a45e-405e-8f5e-000ec27207a1;f82a2d49-acf3-4592-a6b6-b27ada8359e9;17/3 - Trận 3;doubles;1c4623d7-7bfc-4272-be74-f6f80a675e44;fe96e809-c559-4e75-a9b6-96cedd149ff8;c337ec79-28db-41ec-a5c0-297352600614;19617a29-2958-4f18-85a6-aad1ad63b67f;;;15;8;a;	-47;2026-03-17 09:55:42.777617+00;2026-03-17 09:59:53.80391+00;true;
037f8bf1-1b09-490a-9648-7f44a2b57d1d;4b48fa58-fd5d-4711-bc6d-d52f75136a51;18bc26da-024e-489d-8eb0-e9a2e274f550;2 vs 5;singles;51c69740-8ce5-49c2-b2e9-e5ec849987cf;;91670c59-429e-482c-81c4-93e29feca42d;;;;0;0;;8;2026-03-19 02:01:48.47925+00;2026-03-19 02:01:48.47925+00;true;
4ceba419-02ce-4eec-9704-f93a7d65fb72;5002f475-a45e-405e-8f5e-000ec27207a1;f82a2d49-acf3-4592-a6b6-b27ada8359e9;16/3 - Trận 3;doubles;fbab9e91-7cd6-42bf-ae0b-4cad25ff7a04;fe96e809-c559-4e75-a9b6-96cedd149ff8;c337ec79-28db-41ec-a5c0-297352600614;19617a29-2958-4f18-85a6-aad1ad63b67f;;;15;8;a;	-43;2026-03-16 01:11:29.48227+00;2026-03-16 01:14:03.384583+00;true;
10681652-eccf-4a0d-9abc-947bf625ab39;5002f475-a45e-405e-8f5e-000ec27207a1;f82a2d49-acf3-4592-a6b6-b27ada8359e9;13/3 - Trận 3;doubles;1c4623d7-7bfc-4272-be74-f6f80a675e44;fbab9e91-7cd6-42bf-ae0b-4cad25ff7a04;fe96e809-c559-4e75-a9b6-96cedd149ff8;c337ec79-28db-41ec-a5c0-297352600614;;;15;11;a;	-39;2026-03-16 01:06:58.05426+00;2026-03-16 01:10:21.882332+00;true;
a4bb847a-0a60-4081-9398-3f830588750a;5002f475-a45e-405e-8f5e-000ec27207a1;f82a2d49-acf3-4592-a6b6-b27ada8359e9;17/3 - Trận 1;doubles;fe96e809-c559-4e75-a9b6-96cedd149ff8;c337ec79-28db-41ec-a5c0-297352600614;1c4623d7-7bfc-4272-be74-f6f80a675e44;fbab9e91-7cd6-42bf-ae0b-4cad25ff7a04;;;15;4;a;	-45;2026-03-17 09:55:40.064257+00;2026-03-17 09:57:56.363934+00;true;
5e8c8294-2ebf-4803-9f17-2681a1a90eae;4b48fa58-fd5d-4711-bc6d-d52f75136a51;18bc26da-024e-489d-8eb0-e9a2e274f550;2 vs 6;singles;51c69740-8ce5-49c2-b2e9-e5ec849987cf;;2f31ea5e-d4e1-42d8-97c8-f2be4137e102;;;;0;0;;9;2026-03-19 02:01:48.47925+00;2026-03-19 02:01:48.47925+00;true;
f07fdbd4-7f5a-4e5e-880d-4cdf781dc8c5;4b48fa58-fd5d-4711-bc6d-d52f75136a51;18bc26da-024e-489d-8eb0-e9a2e274f550;2 vs 7;singles;51c69740-8ce5-49c2-b2e9-e5ec849987cf;;16fb5f6e-0f8d-4222-8705-68581d9ac988;;;;0;0;;10;2026-03-19 02:01:48.47925+00;2026-03-19 02:01:48.47925+00;true;
281a53e0-e767-45ff-9965-755ef872f876;4b48fa58-fd5d-4711-bc6d-d52f75136a51;18bc26da-024e-489d-8eb0-e9a2e274f550;3 vs 4;singles;b327a797-c387-43b5-a0ad-eacd2d7dd7a3;;460eb422-ddb0-4a75-aaa4-acb5a21036f4;;;;0;0;;11;2026-03-19 02:01:48.47925+00;2026-03-19 02:01:48.47925+00;true;
c43a2fdf-02c0-4d15-8486-0d1d9a6a07f3;5002f475-a45e-405e-8f5e-000ec27207a1;f82a2d49-acf3-4592-a6b6-b27ada8359e9;13/3 - Trận 4;doubles;c337ec79-28db-41ec-a5c0-297352600614;fe96e809-c559-4e75-a9b6-96cedd149ff8;fbab9e91-7cd6-42bf-ae0b-4cad25ff7a04;818e72f3-4bf4-4c95-b5f1-cf93111de57e;;;15;6;a;	-40;2026-03-16 01:06:59.532576+00;2026-03-16 01:10:47.308462+00;true;
97e523c6-475c-4e58-8bd4-3bec53597e7c;4b48fa58-fd5d-4711-bc6d-d52f75136a51;18bc26da-024e-489d-8eb0-e9a2e274f550;3 vs 5;singles;b327a797-c387-43b5-a0ad-eacd2d7dd7a3;;91670c59-429e-482c-81c4-93e29feca42d;;;;0;0;;12;2026-03-19 02:01:48.47925+00;2026-03-19 02:01:48.47925+00;true;
27f8308a-fe54-4532-a850-ea9d6c078bfc;5002f475-a45e-405e-8f5e-000ec27207a1;f82a2d49-acf3-4592-a6b6-b27ada8359e9;16/3 - Trận 4;doubles;1c4623d7-7bfc-4272-be74-f6f80a675e44;fbab9e91-7cd6-42bf-ae0b-4cad25ff7a04;c337ec79-28db-41ec-a5c0-297352600614;818e72f3-4bf4-4c95-b5f1-cf93111de57e;;;14;16;b;	-43;2026-03-16 01:11:28.684856+00;2026-03-16 01:15:25.243968+00;true;
2cf50f1e-741f-4486-bfdb-8d4bf67fe151;4b48fa58-fd5d-4711-bc6d-d52f75136a51;18bc26da-024e-489d-8eb0-e9a2e274f550;3 vs 6;singles;b327a797-c387-43b5-a0ad-eacd2d7dd7a3;;2f31ea5e-d4e1-42d8-97c8-f2be4137e102;;;;0;0;;13;2026-03-19 02:01:48.47925+00;2026-03-19 02:01:48.47925+00;true;
164aa1e1-1072-4198-b412-9cdb0fa45125;5002f475-a45e-405e-8f5e-000ec27207a1;f82a2d49-acf3-4592-a6b6-b27ada8359e9;17/3 - Trận 2;doubles;fbab9e91-7cd6-42bf-ae0b-4cad25ff7a04;19617a29-2958-4f18-85a6-aad1ad63b67f;fe96e809-c559-4e75-a9b6-96cedd149ff8;c337ec79-28db-41ec-a5c0-297352600614;;;15;6;a;	-46;2026-03-17 09:55:41.445322+00;2026-03-17 09:58:17.503566+00;true;
ccc06138-36aa-42f7-a557-dadc8f87bee7;5002f475-a45e-405e-8f5e-000ec27207a1;f82a2d49-acf3-4592-a6b6-b27ada8359e9;13/3 - Trận 5;doubles;c337ec79-28db-41ec-a5c0-297352600614;818e72f3-4bf4-4c95-b5f1-cf93111de57e;1c4623d7-7bfc-4272-be74-f6f80a675e44;fe96e809-c559-4e75-a9b6-96cedd149ff8;;;15;6;a;	-41;2026-03-16 01:07:01.856265+00;2026-03-16 01:11:13.984754+00;true;
fd00bbee-77b2-4e48-93f7-d5ea70bf0fd5;4b48fa58-fd5d-4711-bc6d-d52f75136a51;18bc26da-024e-489d-8eb0-e9a2e274f550;3 vs 7;singles;b327a797-c387-43b5-a0ad-eacd2d7dd7a3;;16fb5f6e-0f8d-4222-8705-68581d9ac988;;;;0;0;;14;2026-03-19 02:01:48.47925+00;2026-03-19 02:01:48.47925+00;true;
246825a8-a1e1-4b11-aed8-e60e90e90fd8;5002f475-a45e-405e-8f5e-000ec27207a1;f82a2d49-acf3-4592-a6b6-b27ada8359e9;16/3 - Trận 5;doubles;c337ec79-28db-41ec-a5c0-297352600614;818e72f3-4bf4-4c95-b5f1-cf93111de57e;1c4623d7-7bfc-4272-be74-f6f80a675e44;fe96e809-c559-4e75-a9b6-96cedd149ff8;;;15;11;a;	-44;2026-03-16 01:11:30.364405+00;2026-03-16 01:35:50.738542+00;true;
27fdd183-eb96-458a-baf7-d1d82cdedcf4;4b48fa58-fd5d-4711-bc6d-d52f75136a51;18bc26da-024e-489d-8eb0-e9a2e274f550;4 vs 5;singles;460eb422-ddb0-4a75-aaa4-acb5a21036f4;;91670c59-429e-482c-81c4-93e29feca42d;;;;0;0;;15;2026-03-19 02:01:48.47925+00;2026-03-19 02:01:48.47925+00;true;
3764d7f9-873c-4633-a466-324c034b1cfc;4b48fa58-fd5d-4711-bc6d-d52f75136a51;18bc26da-024e-489d-8eb0-e9a2e274f550;4 vs 6;singles;460eb422-ddb0-4a75-aaa4-acb5a21036f4;;2f31ea5e-d4e1-42d8-97c8-f2be4137e102;;;;0;0;;16;2026-03-19 02:01:48.47925+00;2026-03-19 02:01:48.47925+00;true;
97336bab-337f-415f-9c67-e7b23e6cef1b;4b48fa58-fd5d-4711-bc6d-d52f75136a51;18bc26da-024e-489d-8eb0-e9a2e274f550;4 vs 7;singles;460eb422-ddb0-4a75-aaa4-acb5a21036f4;;16fb5f6e-0f8d-4222-8705-68581d9ac988;;;;0;0;;17;2026-03-19 02:01:48.47925+00;2026-03-19 02:01:48.47925+00;true;
0378db9a-8f1d-482f-8d29-975e1af1b778;5002f475-a45e-405e-8f5e-000ec27207a1;f82a2d49-acf3-4592-a6b6-b27ada8359e9;17/3 - Trận 4;doubles;1c4623d7-7bfc-4272-be74-f6f80a675e44;fbab9e91-7cd6-42bf-ae0b-4cad25ff7a04;fe96e809-c559-4e75-a9b6-96cedd149ff8;c337ec79-28db-41ec-a5c0-297352600614;;;6;15;b;	-48;2026-03-17 09:55:44.310608+00;2026-03-17 10:00:54.800816+00;true;
8b9a426d-fb0e-4007-9203-ea522bbde173;4b48fa58-fd5d-4711-bc6d-d52f75136a51;18bc26da-024e-489d-8eb0-e9a2e274f550;5 vs 6;singles;91670c59-429e-482c-81c4-93e29feca42d;;2f31ea5e-d4e1-42d8-97c8-f2be4137e102;;;;0;0;;18;2026-03-19 02:01:48.47925+00;2026-03-19 02:01:48.47925+00;true;
8da1d50f-ab2b-4310-9777-71c7402c4153;4b48fa58-fd5d-4711-bc6d-d52f75136a51;18bc26da-024e-489d-8eb0-e9a2e274f550;5 vs 7;singles;91670c59-429e-482c-81c4-93e29feca42d;;16fb5f6e-0f8d-4222-8705-68581d9ac988;;;;0;0;;19;2026-03-19 02:01:48.47925+00;2026-03-19 02:01:48.47925+00;true;
9e620fc8-1362-4c2e-a7ef-3728ea94fb69;4b48fa58-fd5d-4711-bc6d-d52f75136a51;18bc26da-024e-489d-8eb0-e9a2e274f550;6 vs 7;singles;2f31ea5e-d4e1-42d8-97c8-f2be4137e102;;16fb5f6e-0f8d-4222-8705-68581d9ac988;;;;0;0;;20;2026-03-19 02:01:48.47925+00;2026-03-19 02:01:48.47925+00;true;
fcb3f9ff-2903-4b57-bbda-c1a9223ce25c;5002f475-a45e-405e-8f5e-000ec27207a1;f82a2d49-acf3-4592-a6b6-b27ada8359e9;17/3 - Trận 5;doubles;1c4623d7-7bfc-4272-be74-f6f80a675e44;fe96e809-c559-4e75-a9b6-96cedd149ff8;fbab9e91-7cd6-42bf-ae0b-4cad25ff7a04;19617a29-2958-4f18-85a6-aad1ad63b67f;;;15;8;a;	-49;2026-03-17 09:55:45.906759+00;2026-03-17 09:59:09.833631+00;true;
d520de8b-1aea-42d2-97fc-f459e19c63bb;4b48fa58-fd5d-4711-bc6d-d52f75136a51;18bc26da-024e-489d-8eb0-e9a2e274f550;1 vs 2;singles;8aefda29-b94a-4edd-9f91-383e0a83740a;;51c69740-8ce5-49c2-b2e9-e5ec849987cf;;;;11;0;a;0;2026-03-19 02:01:48.47925+00;2026-03-19 02:01:58.604508+00;true;
c96dce5f-c965-4965-b7d2-acb317aff5d5;4b48fa58-fd5d-4711-bc6d-d52f75136a51;18bc26da-024e-489d-8eb0-e9a2e274f550;1 vs 3;singles;8aefda29-b94a-4edd-9f91-383e0a83740a;;b327a797-c387-43b5-a0ad-eacd2d7dd7a3;;;;5;11;b;1;2026-03-19 02:01:48.47925+00;2026-03-19 02:02:13.488345+00;true;
4da5dcb3-3fa4-4fcd-9b63-deef0a0c2a90;a9067807-29ba-42ff-b976-fd74dc26457f;b29d6c5a-5e8a-4164-b997-55ac2f9c6c74;Hùng - Đông Anh vs Đức - Tâm;singles;c1bc06bf-9936-474b-ba7f-1028784f96bc;;9c95306d-a8d6-4744-89ae-22824ab56294;;;;11;3;a;0;2026-03-22 08:55:33.709857+00;2026-03-22 09:16:48.249056+00;true;
daeb2c75-3c03-4747-8d09-0c38ef0cdc9a;a9067807-29ba-42ff-b976-fd74dc26457f;b29d6c5a-5e8a-4164-b997-55ac2f9c6c74;Hùng - Đông Anh vs Nam - Thư;singles;c1bc06bf-9936-474b-ba7f-1028784f96bc;;ecc5fcd1-c281-4de7-be00-358441aebb80;;;;11;1;a;2;2026-03-22 08:55:33.709857+00;2026-03-22 09:41:16.235681+00;true;
e11a7df7-62ec-4303-973e-a3db83e8ba42;a9067807-29ba-42ff-b976-fd74dc26457f;b29d6c5a-5e8a-4164-b997-55ac2f9c6c74;Hùng - Đông Anh vs Thảo - Thiện;singles;c1bc06bf-9936-474b-ba7f-1028784f96bc;;104a4a27-cba4-4775-9d14-ba80ae5c86ed;;;;11;7;a;3;2026-03-22 08:55:33.709857+00;2026-03-22 09:59:57.391501+00;true;
2c99e3b9-926f-4e05-8ef8-5c55936c1645;a9067807-29ba-42ff-b976-fd74dc26457f;b29d6c5a-5e8a-4164-b997-55ac2f9c6c74;Hùng - Đông Anh vs Đông - Linh;singles;c1bc06bf-9936-474b-ba7f-1028784f96bc;;ee8f19cc-73ba-4456-999d-b4c1c6f6735e;;;;11;4;a;1;2026-03-22 08:55:33.709857+00;2026-03-22 10:32:57.714007+00;true;
389a9da5-6d1b-4504-8631-655337a8b581;a9067807-29ba-42ff-b976-fd74dc26457f;b29d6c5a-5e8a-4164-b997-55ac2f9c6c74;Đông - Linh vs Nam - Thư;singles;ee8f19cc-73ba-4456-999d-b4c1c6f6735e;;ecc5fcd1-c281-4de7-be00-358441aebb80;;;;11;4;a;9;2026-03-22 08:55:33.709857+00;2026-03-22 09:32:59.639301+00;true;
f8cddc1a-7dc8-45e5-b05f-070227cc9d2e;a9067807-29ba-42ff-b976-fd74dc26457f;b29d6c5a-5e8a-4164-b997-55ac2f9c6c74;Thảo - Thiện vs Thi - Lan;singles;104a4a27-cba4-4775-9d14-ba80ae5c86ed;;f32332b7-1abf-421b-93cf-815718ff4b80;;;;10;11;b;14;2026-03-22 08:55:33.709857+00;2026-03-22 09:45:50.401632+00;true;
9e67cca9-acaa-4c6b-aca3-8cf380a2867b;eea0f4df-6433-4298-8173-37ed923db7d6;;Doubles Match 1;doubles;786bf8b4-bbd1-498e-a37f-bc43367cd85f;d5e2f0cc-6a8c-4245-8891-66cfa9fa6c17;e79fc792-61b6-4874-9b3d-125d78230015;67996b2a-9caf-4286-a60c-4ea0c383c9b2;;;0;0;;1;2026-04-01 20:08:14.871263+00;2026-04-01 20:09:26.751106+00;true;
8c1a227b-9bd6-44fb-ba8c-83e36b57b44a;a9067807-29ba-42ff-b976-fd74dc26457f;b29d6c5a-5e8a-4164-b997-55ac2f9c6c74;Đức - Tâm vs Đông - Linh;singles;9c95306d-a8d6-4744-89ae-22824ab56294;;ee8f19cc-73ba-4456-999d-b4c1c6f6735e;;;;8;11;b;5;2026-03-22 08:55:33.709857+00;2026-03-22 09:59:38.426186+00;true;
b26da58a-3ea5-4e30-b7e3-dc1c9fadd722;a9067807-29ba-42ff-b976-fd74dc26457f;b29d6c5a-5e8a-4164-b997-55ac2f9c6c74;Nam - Thư vs Thi - Lan;singles;ecc5fcd1-c281-4de7-be00-358441aebb80;;f32332b7-1abf-421b-93cf-815718ff4b80;;;;9;11;b;13;2026-03-22 08:55:33.709857+00;2026-03-22 10:12:38.750228+00;true;
b0d34912-dc7c-4ae1-9fef-a74f8bf67d5c;a9067807-29ba-42ff-b976-fd74dc26457f;b29d6c5a-5e8a-4164-b997-55ac2f9c6c74;Đông - Linh vs Thảo - Thiện;singles;ee8f19cc-73ba-4456-999d-b4c1c6f6735e;;104a4a27-cba4-4775-9d14-ba80ae5c86ed;;;;11;8;a;10;2026-03-22 08:55:33.709857+00;2026-03-22 10:19:08.34193+00;true;
2edc8e6a-22c4-49dd-9c29-13da099b7f46;a9067807-29ba-42ff-b976-fd74dc26457f;b29d6c5a-5e8a-4164-b997-55ac2f9c6c74;Đức - Tâm vs Thi - Lan;singles;9c95306d-a8d6-4744-89ae-22824ab56294;;f32332b7-1abf-421b-93cf-815718ff4b80;;;;4;11;b;8;2026-03-22 08:55:33.709857+00;2026-03-22 10:23:04.618428+00;true;
3ff95225-03d1-4772-bc62-0e8804615ae1;a9067807-29ba-42ff-b976-fd74dc26457f;b29d6c5a-5e8a-4164-b997-55ac2f9c6c74;Nam - Thư vs Thảo - Thiện;singles;ecc5fcd1-c281-4de7-be00-358441aebb80;;104a4a27-cba4-4775-9d14-ba80ae5c86ed;;;;6;11;b;12;2026-03-22 08:55:33.709857+00;2026-03-22 10:32:37.476646+00;true;
f490b970-8ec1-434d-bd55-23a45a76128b;a9067807-29ba-42ff-b976-fd74dc26457f;b29d6c5a-5e8a-4164-b997-55ac2f9c6c74;Hùng - Đông Anh vs Thi - Lan;singles;c1bc06bf-9936-474b-ba7f-1028784f96bc;;f32332b7-1abf-421b-93cf-815718ff4b80;;;;7;11;b;4;2026-03-22 08:55:33.709857+00;2026-03-22 10:47:00.763588+00;true;
c80894e9-c38d-4b31-944c-57b348d6a092;a9067807-29ba-42ff-b976-fd74dc26457f;b29d6c5a-5e8a-4164-b997-55ac2f9c6c74;Đức - Tâm vs Thảo - Thiện;singles;9c95306d-a8d6-4744-89ae-22824ab56294;;104a4a27-cba4-4775-9d14-ba80ae5c86ed;;;;9;11;b;7;2026-03-22 08:55:33.709857+00;2026-03-22 10:50:12.118812+00;true;
30b586a1-5c86-4969-ac97-6afc003ada86;a9067807-29ba-42ff-b976-fd74dc26457f;b29d6c5a-5e8a-4164-b997-55ac2f9c6c74;Đức - Tâm vs Nam - Thư;singles;9c95306d-a8d6-4744-89ae-22824ab56294;;ecc5fcd1-c281-4de7-be00-358441aebb80;;;;11;3;a;6;2026-03-22 08:55:33.709857+00;2026-03-22 11:02:04.3748+00;true;
d27cf741-a035-4e28-bd27-319c2e8e6559;a9067807-29ba-42ff-b976-fd74dc26457f;b29d6c5a-5e8a-4164-b997-55ac2f9c6c74;Đông - Linh vs Thi - Lan;singles;ee8f19cc-73ba-4456-999d-b4c1c6f6735e;;f32332b7-1abf-421b-93cf-815718ff4b80;;;;5;11;b;11;2026-03-22 08:55:33.709857+00;2026-03-22 11:05:34.776068+00;true;
2e8b55ce-f2f5-498d-95fc-48bfd13ff874;eea0f4df-6433-4298-8173-37ed923db7d6;;Doubles match 2;doubles;;;;;;;0;0;;0;2026-04-01 20:09:30.266131+00;2026-04-01 20:09:40.235967+00;true;
7358b086-2a3e-491c-b5a1-70def444ddd0;5002f475-a45e-405e-8f5e-000ec27207a1;f82a2d49-acf3-4592-a6b6-b27ada8359e9;20/3 - Trận 3;doubles;1c4623d7-7bfc-4272-be74-f6f80a675e44;fbab9e91-7cd6-42bf-ae0b-4cad25ff7a04;c337ec79-28db-41ec-a5c0-297352600614;19617a29-2958-4f18-85a6-aad1ad63b67f;;;15;9;a;	-62;2026-03-23 01:04:21.046595+00;2026-03-23 01:07:13.903816+00;true;
e8970e9a-34e2-49c1-ac0e-67cd46563e85;5002f475-a45e-405e-8f5e-000ec27207a1;f82a2d49-acf3-4592-a6b6-b27ada8359e9;18/3 - Trận 5;doubles;1c4623d7-7bfc-4272-be74-f6f80a675e44;fe96e809-c559-4e75-a9b6-96cedd149ff8;818e72f3-4bf4-4c95-b5f1-cf93111de57e;c337ec79-28db-41ec-a5c0-297352600614;;;8;15;b;	-54;2026-03-23 00:54:45.725836+00;2026-03-23 00:59:02.358362+00;true;
5ca19d84-39bc-4a82-b7de-73b75679ecde;5002f475-a45e-405e-8f5e-000ec27207a1;f82a2d49-acf3-4592-a6b6-b27ada8359e9;23/3 - Trận 1;doubles;1c4623d7-7bfc-4272-be74-f6f80a675e44;fbab9e91-7cd6-42bf-ae0b-4cad25ff7a04;fe96e809-c559-4e75-a9b6-96cedd149ff8;c337ec79-28db-41ec-a5c0-297352600614;;;4;15;b;	-63;2026-03-23 01:08:05.618228+00;2026-03-23 01:10:33.955977+00;true;
4ae4c55e-ac35-4b8d-a461-38782c9769c8;b2840438-9460-40da-b2cf-546f35d185df;;Singles Match 1;singles;;;;;;;0;0;;0;2026-03-23 09:24:16.629177+00;2026-03-23 09:24:16.629177+00;true;
eb1b563f-a110-4812-b086-fc8280db973d;5002f475-a45e-405e-8f5e-000ec27207a1;f82a2d49-acf3-4592-a6b6-b27ada8359e9;18/3 - Trận 1;doubles;1c4623d7-7bfc-4272-be74-f6f80a675e44;19617a29-2958-4f18-85a6-aad1ad63b67f;c337ec79-28db-41ec-a5c0-297352600614;818e72f3-4bf4-4c95-b5f1-cf93111de57e;;;5;15;b;	-50;2026-03-23 00:54:40.396577+00;2026-03-23 00:55:58.79769+00;true;
3ab6cc45-f212-4b1d-8ae3-d5a4af6b6784;5002f475-a45e-405e-8f5e-000ec27207a1;f82a2d49-acf3-4592-a6b6-b27ada8359e9;19/3 - Trận 3;doubles;c337ec79-28db-41ec-a5c0-297352600614;19617a29-2958-4f18-85a6-aad1ad63b67f;1c4623d7-7bfc-4272-be74-f6f80a675e44;818e72f3-4bf4-4c95-b5f1-cf93111de57e;;;10;15;b;	-58;2026-03-23 01:00:07.429377+00;2026-03-23 01:02:39.536375+00;true;
db851c2f-4c5d-4347-be80-4dcef9a57389;5002f475-a45e-405e-8f5e-000ec27207a1;f82a2d49-acf3-4592-a6b6-b27ada8359e9;18/3 - Trận 6;doubles;fbab9e91-7cd6-42bf-ae0b-4cad25ff7a04;19617a29-2958-4f18-85a6-aad1ad63b67f;1c4623d7-7bfc-4272-be74-f6f80a675e44;fe96e809-c559-4e75-a9b6-96cedd149ff8;;;7;15;b;	-55;2026-03-23 00:54:46.82569+00;2026-03-23 00:59:39.136689+00;true;
61381612-1e0c-4757-aa65-d78bf246a0be;5002f475-a45e-405e-8f5e-000ec27207a1;f82a2d49-acf3-4592-a6b6-b27ada8359e9;18/3 - Trận 2;doubles;1c4623d7-7bfc-4272-be74-f6f80a675e44;fe96e809-c559-4e75-a9b6-96cedd149ff8;fbab9e91-7cd6-42bf-ae0b-4cad25ff7a04;19617a29-2958-4f18-85a6-aad1ad63b67f;;;5;15;b;	-51;2026-03-23 00:54:41.115169+00;2026-03-23 00:56:44.384135+00;true;
2d706881-2127-4a05-8344-25da5ad8c3a0;5002f475-a45e-405e-8f5e-000ec27207a1;f82a2d49-acf3-4592-a6b6-b27ada8359e9;18/3 - Trận 3;doubles;fbab9e91-7cd6-42bf-ae0b-4cad25ff7a04;19617a29-2958-4f18-85a6-aad1ad63b67f;1c4623d7-7bfc-4272-be74-f6f80a675e44;fe96e809-c559-4e75-a9b6-96cedd149ff8;;;2;15;b;	-52;2026-03-23 00:54:42.434604+00;2026-03-23 00:57:03.196515+00;true;
248ce904-b9a7-41f2-9dd9-88c2c1467cda;b2840438-9460-40da-b2cf-546f35d185df;b3a0eef8-c895-4b77-855b-6672d8091940;Doubles Match 1;doubles;;;;;;;0;0;;1;2026-03-23 09:24:16.637369+00;2026-03-23 09:24:23.050597+00;true;
fae40198-99ad-4760-878d-184acd98391b;5002f475-a45e-405e-8f5e-000ec27207a1;f82a2d49-acf3-4592-a6b6-b27ada8359e9;20/3 - Trận 4;doubles;1c4623d7-7bfc-4272-be74-f6f80a675e44;818e72f3-4bf4-4c95-b5f1-cf93111de57e;fbab9e91-7cd6-42bf-ae0b-4cad25ff7a04;19617a29-2958-4f18-85a6-aad1ad63b67f;;;15;6;a;	-62;2026-03-23 01:04:21.681111+00;2026-03-23 01:07:48.010617+00;true;
7e8bb943-ce47-4da0-a989-4c87ffdf17ec;5002f475-a45e-405e-8f5e-000ec27207a1;f82a2d49-acf3-4592-a6b6-b27ada8359e9;19/3 - Trận 4;doubles;1c4623d7-7bfc-4272-be74-f6f80a675e44;c337ec79-28db-41ec-a5c0-297352600614;fbab9e91-7cd6-42bf-ae0b-4cad25ff7a04;fe96e809-c559-4e75-a9b6-96cedd149ff8;;;15;9;a;	-59;2026-03-23 01:00:08.349588+00;2026-03-23 01:03:16.213981+00;true;
20ea36d8-0449-4740-b90d-c3d839dc8338;5002f475-a45e-405e-8f5e-000ec27207a1;f82a2d49-acf3-4592-a6b6-b27ada8359e9;18/3 - Trận 4;doubles;19617a29-2958-4f18-85a6-aad1ad63b67f;fbab9e91-7cd6-42bf-ae0b-4cad25ff7a04;818e72f3-4bf4-4c95-b5f1-cf93111de57e;c337ec79-28db-41ec-a5c0-297352600614;;;5;15;b;	-53;2026-03-23 00:54:44.579626+00;2026-03-23 00:58:29.000799+00;true;
ee429cc1-b038-470b-bbb3-a355c28d985c;5002f475-a45e-405e-8f5e-000ec27207a1;f82a2d49-acf3-4592-a6b6-b27ada8359e9;20/3 - Trận 1;doubles;fbab9e91-7cd6-42bf-ae0b-4cad25ff7a04;19617a29-2958-4f18-85a6-aad1ad63b67f;818e72f3-4bf4-4c95-b5f1-cf93111de57e;1c4623d7-7bfc-4272-be74-f6f80a675e44;;;15;8;a;	-61;2026-03-23 01:04:19.998891+00;2026-03-23 01:06:04.557841+00;true;
8d35aa51-97fd-43ee-89c9-009a28ff489c;5002f475-a45e-405e-8f5e-000ec27207a1;f82a2d49-acf3-4592-a6b6-b27ada8359e9;19/3 - Trận 1;doubles;fbab9e91-7cd6-42bf-ae0b-4cad25ff7a04;19617a29-2958-4f18-85a6-aad1ad63b67f;fe96e809-c559-4e75-a9b6-96cedd149ff8;818e72f3-4bf4-4c95-b5f1-cf93111de57e;;;10;15;b;	-56;2026-03-23 01:00:05.426497+00;2026-03-23 01:01:14.221267+00;true;
afb2942c-93a8-4ed8-884e-5afbad48e26e;5002f475-a45e-405e-8f5e-000ec27207a1;f82a2d49-acf3-4592-a6b6-b27ada8359e9;19/3 - Trận 5;doubles;1c4623d7-7bfc-4272-be74-f6f80a675e44;fe96e809-c559-4e75-a9b6-96cedd149ff8;818e72f3-4bf4-4c95-b5f1-cf93111de57e;19617a29-2958-4f18-85a6-aad1ad63b67f;;;11;7;a;	-60;2026-03-23 01:00:09.506475+00;2026-03-23 01:03:45.243484+00;true;
900eb40b-b9a7-49df-a117-47737b7aaba5;5002f475-a45e-405e-8f5e-000ec27207a1;f82a2d49-acf3-4592-a6b6-b27ada8359e9;19/3 - Trận 2;doubles;fe96e809-c559-4e75-a9b6-96cedd149ff8;c337ec79-28db-41ec-a5c0-297352600614;818e72f3-4bf4-4c95-b5f1-cf93111de57e;fbab9e91-7cd6-42bf-ae0b-4cad25ff7a04;;;15;8;a;	-57;2026-03-23 01:00:06.489424+00;2026-03-23 01:01:46.591155+00;true;
2e62441b-9967-4f4f-af1c-955a0399dd6a;5002f475-a45e-405e-8f5e-000ec27207a1;f82a2d49-acf3-4592-a6b6-b27ada8359e9;20/3 - Trận 2;doubles;1c4623d7-7bfc-4272-be74-f6f80a675e44;fbab9e91-7cd6-42bf-ae0b-4cad25ff7a04;c337ec79-28db-41ec-a5c0-297352600614;818e72f3-4bf4-4c95-b5f1-cf93111de57e;;;10;15;b;	-61;2026-03-23 01:04:20.320892+00;2026-03-23 01:06:44.399163+00;true;
27a13575-5682-4c6a-bda4-5aa444fe817a;5002f475-a45e-405e-8f5e-000ec27207a1;f82a2d49-acf3-4592-a6b6-b27ada8359e9;25/3 - Trận 4;doubles;c337ec79-28db-41ec-a5c0-297352600614;fe96e809-c559-4e75-a9b6-96cedd149ff8;fbab9e91-7cd6-42bf-ae0b-4cad25ff7a04;19617a29-2958-4f18-85a6-aad1ad63b67f;;;15;13;a;	-72;2026-03-26 01:31:42.356262+00;2026-03-26 01:34:22.939196+00;true;
025b848e-015e-4976-a8cf-c6e7efe5f2ee;5002f475-a45e-405e-8f5e-000ec27207a1;f82a2d49-acf3-4592-a6b6-b27ada8359e9;23/3 - Trận 4;doubles;1c4623d7-7bfc-4272-be74-f6f80a675e44;fbab9e91-7cd6-42bf-ae0b-4cad25ff7a04;fe96e809-c559-4e75-a9b6-96cedd149ff8;c337ec79-28db-41ec-a5c0-297352600614;;;11;15;b;	-66;2026-03-23 01:08:11.408465+00;2026-03-26 01:22:59.032575+00;true;
ccfdac56-4b21-4cc1-baf7-de10a47cb3ed;5002f475-a45e-405e-8f5e-000ec27207a1;f82a2d49-acf3-4592-a6b6-b27ada8359e9;25/3 - Trận 2;doubles;1c4623d7-7bfc-4272-be74-f6f80a675e44;fbab9e91-7cd6-42bf-ae0b-4cad25ff7a04;fe96e809-c559-4e75-a9b6-96cedd149ff8;c337ec79-28db-41ec-a5c0-297352600614;;;15;6;a;	-71;2026-03-26 01:31:39.541265+00;2026-03-26 01:33:21.686446+00;true;
86c57e30-51a1-4b99-abfd-2ee38ab9ecd7;5002f475-a45e-405e-8f5e-000ec27207a1;f82a2d49-acf3-4592-a6b6-b27ada8359e9;23/3 - Trận 2;doubles;1c4623d7-7bfc-4272-be74-f6f80a675e44;fbab9e91-7cd6-42bf-ae0b-4cad25ff7a04;c337ec79-28db-41ec-a5c0-297352600614;fe96e809-c559-4e75-a9b6-96cedd149ff8;;;10;15;b;	-64;2026-03-23 01:08:08.137118+00;2026-03-26 01:22:26.901592+00;true;
ddb1d1a2-3bb7-4b13-9d40-59a8a546e478;5002f475-a45e-405e-8f5e-000ec27207a1;f82a2d49-acf3-4592-a6b6-b27ada8359e9;24/3 - Trận 4;doubles;1c4623d7-7bfc-4272-be74-f6f80a675e44;fe96e809-c559-4e75-a9b6-96cedd149ff8;818e72f3-4bf4-4c95-b5f1-cf93111de57e;c337ec79-28db-41ec-a5c0-297352600614;;;15;11;a;	-70;2026-03-26 01:23:42.939873+00;2026-03-26 01:27:14.567902+00;true;
f025733c-4f6b-4e78-987c-1898af3d0f66;5002f475-a45e-405e-8f5e-000ec27207a1;f82a2d49-acf3-4592-a6b6-b27ada8359e9;24/3 - Trận 2;doubles;1c4623d7-7bfc-4272-be74-f6f80a675e44;fbab9e91-7cd6-42bf-ae0b-4cad25ff7a04;fe96e809-c559-4e75-a9b6-96cedd149ff8;c337ec79-28db-41ec-a5c0-297352600614;;;15;7;a;	-68;2026-03-26 01:23:39.07147+00;2026-03-26 01:25:50.522625+00;true;
080b17a8-69ab-4f32-a1ed-b13f70ac5c86;5002f475-a45e-405e-8f5e-000ec27207a1;f82a2d49-acf3-4592-a6b6-b27ada8359e9;23/3 - Trận 3;doubles;1c4623d7-7bfc-4272-be74-f6f80a675e44;fbab9e91-7cd6-42bf-ae0b-4cad25ff7a04;fe96e809-c559-4e75-a9b6-96cedd149ff8;c337ec79-28db-41ec-a5c0-297352600614;;;11;15;b;	-65;2026-03-23 01:08:09.894507+00;2026-03-26 01:23:18.892071+00;true;
0b9ee345-0a6b-4dac-99b7-14e37e3b80e3;5002f475-a45e-405e-8f5e-000ec27207a1;f82a2d49-acf3-4592-a6b6-b27ada8359e9;24/3 - Trận 1;doubles;1c4623d7-7bfc-4272-be74-f6f80a675e44;fbab9e91-7cd6-42bf-ae0b-4cad25ff7a04;818e72f3-4bf4-4c95-b5f1-cf93111de57e;c337ec79-28db-41ec-a5c0-297352600614;;;15;13;a;	-67;2026-03-23 01:08:12.76839+00;2026-03-26 01:25:22.304645+00;true;
7216b3c7-67d5-4bb3-bee7-cd15046199ef;5002f475-a45e-405e-8f5e-000ec27207a1;f82a2d49-acf3-4592-a6b6-b27ada8359e9;Trận 1;doubles;fbab9e91-7cd6-42bf-ae0b-4cad25ff7a04;19617a29-2958-4f18-85a6-aad1ad63b67f;1c4623d7-7bfc-4272-be74-f6f80a675e44;fe96e809-c559-4e75-a9b6-96cedd149ff8;;;14;16;b;	-71;2026-03-26 01:31:40.905868+00;2026-03-26 01:32:53.26825+00;true;
392a1efd-a960-4440-a136-21a8d2699cda;5002f475-a45e-405e-8f5e-000ec27207a1;f82a2d49-acf3-4592-a6b6-b27ada8359e9;24/3 - Trận 3;doubles;fbab9e91-7cd6-42bf-ae0b-4cad25ff7a04;818e72f3-4bf4-4c95-b5f1-cf93111de57e;fe96e809-c559-4e75-a9b6-96cedd149ff8;c337ec79-28db-41ec-a5c0-297352600614;;;15;12;a;	-69;2026-03-26 01:23:41.023949+00;2026-03-26 01:26:45.417606+00;true;
fcca54a9-adaf-4e38-84c0-be116ddc84cb;5002f475-a45e-405e-8f5e-000ec27207a1;f82a2d49-acf3-4592-a6b6-b27ada8359e9;25/3 - Trận 3;doubles;c337ec79-28db-41ec-a5c0-297352600614;fe96e809-c559-4e75-a9b6-96cedd149ff8;fbab9e91-7cd6-42bf-ae0b-4cad25ff7a04;19617a29-2958-4f18-85a6-aad1ad63b67f;;;15;10;a;	-72;2026-03-26 01:31:41.473891+00;2026-03-26 01:34:16.242847+00;true;
80d381ae-1246-476e-8dee-6c3b0142517e;d9751ec3-15bd-4038-b1de-9b98abee23fa;8d77352e-25f8-481e-a12e-d8b9b7e0194e;Singles Match 1;singles;8666cbbd-aac0-4684-9be4-5b7454ebcd81;42fd18f4-299a-4036-b4c5-cd2e7d909b53;3f582520-1d5d-4251-98a4-ab22184f01dd;2eb9ade7-442b-4a18-93f8-8902a4fce5f2;;;0;0;;0;2026-03-27 07:32:09.124953+00;2026-03-27 07:33:23.043982+00;true;
fdf2d27c-275f-492e-afb8-5c278feceb34;d9751ec3-15bd-4038-b1de-9b98abee23fa;8d77352e-25f8-481e-a12e-d8b9b7e0194e;Doubles Match 1;doubles;8666cbbd-aac0-4684-9be4-5b7454ebcd81;2eb9ade7-442b-4a18-93f8-8902a4fce5f2;42fd18f4-299a-4036-b4c5-cd2e7d909b53;3f582520-1d5d-4251-98a4-ab22184f01dd;;;0;0;;1;2026-03-27 07:32:09.126943+00;2026-03-27 07:35:44.887144+00;true;
d615bab9-2e5d-444c-934b-c9b69ba360a4;d9751ec3-15bd-4038-b1de-9b98abee23fa;8d77352e-25f8-481e-a12e-d8b9b7e0194e;Trận 1;doubles;;;;;;;0;0;;	-1;2026-03-27 07:36:02.936023+00;2026-03-27 07:36:58.971051+00;true;
199b38cf-1e57-436f-8d1b-27ffacff8240;d9751ec3-15bd-4038-b1de-9b98abee23fa;;Trận 1;doubles;;;;;;;0;0;;	-1;2026-03-27 07:36:01.810787+00;2026-03-27 07:36:01.810787+00;true;
215471af-03e6-4e55-b1ab-28d3b5e77454;5002f475-a45e-405e-8f5e-000ec27207a1;f82a2d49-acf3-4592-a6b6-b27ada8359e9;30/3 - Trận 1;doubles;818e72f3-4bf4-4c95-b5f1-cf93111de57e;19617a29-2958-4f18-85a6-aad1ad63b67f;fe96e809-c559-4e75-a9b6-96cedd149ff8;c337ec79-28db-41ec-a5c0-297352600614;;;15;11;a;	-73;2026-03-31 02:40:36.715503+00;2026-03-31 02:42:36.031098+00;true;
62f862b7-948e-4563-bc64-0b9128abb6d3;5002f475-a45e-405e-8f5e-000ec27207a1;f82a2d49-acf3-4592-a6b6-b27ada8359e9;30/3 - Trận 2;doubles;8f06ccdb-269f-4966-a32e-0e6c24ad8477;c337ec79-28db-41ec-a5c0-297352600614;1c4623d7-7bfc-4272-be74-f6f80a675e44;818e72f3-4bf4-4c95-b5f1-cf93111de57e;;;15;8;a;	-73;2026-03-31 02:40:36.195747+00;2026-03-31 02:44:18.089059+00;true;
bcc529e2-af26-46cc-9061-20610d5c41c4;5002f475-a45e-405e-8f5e-000ec27207a1;f82a2d49-acf3-4592-a6b6-b27ada8359e9;30/3 - Trận 3;doubles;fe96e809-c559-4e75-a9b6-96cedd149ff8;19617a29-2958-4f18-85a6-aad1ad63b67f;1c4623d7-7bfc-4272-be74-f6f80a675e44;c337ec79-28db-41ec-a5c0-297352600614;;;8;15;b;	-74;2026-03-31 02:40:37.767113+00;2026-03-31 02:44:52.578657+00;true;
61f483da-82a6-4dba-975c-a222c4d09fd2;5002f475-a45e-405e-8f5e-000ec27207a1;f82a2d49-acf3-4592-a6b6-b27ada8359e9;31/3 - Trận 3;doubles;818e72f3-4bf4-4c95-b5f1-cf93111de57e;fe96e809-c559-4e75-a9b6-96cedd149ff8;19617a29-2958-4f18-85a6-aad1ad63b67f;c337ec79-28db-41ec-a5c0-297352600614;;;15;9;a;	-75;2026-03-31 02:40:38.800725+00;2026-03-31 02:48:16.073647+00;true;
54442959-7f2c-43c4-a82b-4cc899fe278e;5002f475-a45e-405e-8f5e-000ec27207a1;f82a2d49-acf3-4592-a6b6-b27ada8359e9;30/3 - Trận 4;doubles;1c4623d7-7bfc-4272-be74-f6f80a675e44;818e72f3-4bf4-4c95-b5f1-cf93111de57e;c337ec79-28db-41ec-a5c0-297352600614;8f06ccdb-269f-4966-a32e-0e6c24ad8477;;;10;15;b;	-75;2026-03-31 02:40:39.473876+00;2026-03-31 02:45:26.03695+00;true;
21d2ca10-1f0a-449e-9025-56e79625637f;5002f475-a45e-405e-8f5e-000ec27207a1;f82a2d49-acf3-4592-a6b6-b27ada8359e9;31/3 - Trận 4;doubles;818e72f3-4bf4-4c95-b5f1-cf93111de57e;c337ec79-28db-41ec-a5c0-297352600614;1c4623d7-7bfc-4272-be74-f6f80a675e44;fe96e809-c559-4e75-a9b6-96cedd149ff8;;;15;10;a;	-77;2026-03-31 02:45:49.44901+00;2026-03-31 02:50:53.68107+00;true;
0353fa58-613a-4f09-ba68-cd7d05cc42e9;5002f475-a45e-405e-8f5e-000ec27207a1;f82a2d49-acf3-4592-a6b6-b27ada8359e9;31/3 -Trận 2;doubles;1c4623d7-7bfc-4272-be74-f6f80a675e44;fe96e809-c559-4e75-a9b6-96cedd149ff8;19617a29-2958-4f18-85a6-aad1ad63b67f;c337ec79-28db-41ec-a5c0-297352600614;;;15;4;a;	-77;2026-03-31 02:45:48.584444+00;2026-03-31 02:49:00.367727+00;true;
addbd46f-bb7c-46aa-bbb8-5819f7a0b6ad;5002f475-a45e-405e-8f5e-000ec27207a1;f82a2d49-acf3-4592-a6b6-b27ada8359e9;31/3 -Trận 1;doubles;1c4623d7-7bfc-4272-be74-f6f80a675e44;fe96e809-c559-4e75-a9b6-96cedd149ff8;c337ec79-28db-41ec-a5c0-297352600614;818e72f3-4bf4-4c95-b5f1-cf93111de57e;;;15;7;a;	-76;2026-03-31 02:45:47.365333+00;2026-03-31 02:47:25.207331+00;true;