id;table_id;name;display_order;created_at
a33300f9-d31a-4b39-9249-a043d047e4c2;be300210-febc-41d0-a701-7c49bd3daae8;A;0;2026-03-21 08:53:20.81695+00
66706dfa-272c-475f-b588-11eee6418ce0;be300210-febc-41d0-a701-7c49bd3daae8;B;1;2026-03-21 08:53:20.81695+00
2f87a2ef-f98e-4534-828d-7921f26f9b8f;cf09b992-6f8b-4758-9647-e0cf1c94493b;A;0;2026-01-31 10:15:30.0651+00
0ba928d0-664a-492d-ab5d-966c0acdb093;cf09b992-6f8b-4758-9647-e0cf1c94493b;B;1;2026-01-31 10:15:30.0651+00
a90a28ae-1895-4be1-84a7-48f252efd59e;921b8e02-7a12-4580-bcc0-a63cfa321fc3;A;0;2026-02-04 08:07:26.483738+00
73766ff3-f79f-4c0d-8b3b-ed57f321902a;921b8e02-7a12-4580-bcc0-a63cfa321fc3;B;1;2026-02-04 08:07:26.483738+00
f2945f43-e364-4168-831a-61a4b6b09b48;921b8e02-7a12-4580-bcc0-a63cfa321fc3;C;2;2026-02-04 08:07:26.483738+00
59bb41ce-b49d-4fbf-8a6c-734941407328;921b8e02-7a12-4580-bcc0-a63cfa321fc3;D;3;2026-02-04 08:07:26.483738+00
2982722c-17c5-4e3a-b5f4-0269879492a8;a3578f8e-9869-4d9d-a9e3-0b07eddbf085;A;0;2025-12-23 05:06:52.377135+00
d61ff4c6-6295-4d8a-9443-c4d84f7f5a26;a3578f8e-9869-4d9d-a9e3-0b07eddbf085;B;1;2025-12-23 05:06:52.377135+00
a8ef3f2b-3240-4c61-9308-5c0c2cbc82e0;a3578f8e-9869-4d9d-a9e3-0b07eddbf085;C;2;2025-12-23 05:06:52.377135+00
95e6c294-af6b-4cf5-8836-96c573221a42;a3578f8e-9869-4d9d-a9e3-0b07eddbf085;D;3;2025-12-23 05:06:52.377135+00
41244eed-b510-432f-ae05-e193f24ad415;a3578f8e-9869-4d9d-a9e3-0b07eddbf085;E;4;2025-12-23 05:06:52.377135+00
9bdba652-c9ab-45e1-ad8c-43cfa4c11dd8;a3578f8e-9869-4d9d-a9e3-0b07eddbf085;F;5;2025-12-23 05:06:52.377135+00
4dca51b3-8414-4f63-8385-22bb2440db4f;f9e2b879-fbfb-40f5-ad8c-15238d96b4db;A;0;2026-02-22 12:49:07.478818+00
72012c5f-0c92-40ab-9ed3-4944414f6389;f9e2b879-fbfb-40f5-ad8c-15238d96b4db;B;1;2026-02-22 12:49:07.478818+00
fd780632-c1a2-435e-b2b6-e34a33c2b54e;f9e2b879-fbfb-40f5-ad8c-15238d96b4db;C;2;2026-02-22 12:49:07.478818+00
96808211-f635-4ea7-b39f-fe351d178169;f9e2b879-fbfb-40f5-ad8c-15238d96b4db;D;3;2026-02-22 12:49:07.478818+00
46ea47da-7192-494d-b463-43fd7323dc0e;da0816b9-5c80-47af-a06c-3fff6f2c40dd;A;0;2026-03-02 02:11:15.390759+00
d32655ce-7c3d-4997-88e8-9bd0c670c111;da0816b9-5c80-47af-a06c-3fff6f2c40dd;B;1;2026-03-02 02:11:15.390759+00
8d8058b4-9c80-4e94-b3e0-85094298ae06;639d7b73-0ad9-4f86-98e1-adfc4e46f65e;A;0;2026-03-03 04:05:13.953524+00
a0732352-250f-4d3b-80e5-a5a0c03d8143;639d7b73-0ad9-4f86-98e1-adfc4e46f65e;B;1;2026-03-03 04:05:13.953524+00
30a694eb-2f73-45fe-bdcf-0d04e2a03ae0;6f755f17-7dfd-42c2-ab70-90a6a637324b;A;0;2025-12-23 14:00:33.292461+00
6c3f7eb8-7988-4dfa-aae9-f35db751b38d;6f755f17-7dfd-42c2-ab70-90a6a637324b;B;1;2025-12-23 14:00:33.292461+00
f43dffc8-b163-4828-bfb2-a32f08b87014;6f755f17-7dfd-42c2-ab70-90a6a637324b;C;2;2025-12-23 14:00:33.292461+00
f28c93f9-b7fc-4274-9373-545b81878067;d67ed027-7244-4c5a-8a35-de6e2976f5f3;A;0;2025-12-23 14:14:56.347517+00
821e6c4b-30ac-4345-8a0e-e7ccafb882ae;d67ed027-7244-4c5a-8a35-de6e2976f5f3;B;1;2025-12-23 14:14:56.347517+00
a21a830e-4d69-4ac2-b8ac-0cf5a038d765;d67ed027-7244-4c5a-8a35-de6e2976f5f3;C;2;2025-12-23 14:14:56.347517+00
ba6a9165-21f4-45c9-8b8d-08081593fbc7;d67ed027-7244-4c5a-8a35-de6e2976f5f3;D;3;2025-12-23 14:14:56.347517+00
baadeb1e-9c52-43e7-99a5-f7220dac41c3;d67ed027-7244-4c5a-8a35-de6e2976f5f3;E;4;2025-12-23 14:14:56.347517+00
629bbaef-ffc9-4b4c-abc9-b2745e9d7e3c;d67ed027-7244-4c5a-8a35-de6e2976f5f3;F;5;2025-12-23 14:14:56.347517+00
0cc7d1fc-d0c9-4bda-aed4-be6b137de38e;6bb87602-a479-459c-bae3-f5695f52046a;A;0;2025-12-23 14:25:16.59163+00
07587938-8697-4bc1-9a6d-f75054a51fec;6bb87602-a479-459c-bae3-f5695f52046a;B;1;2025-12-23 14:25:16.59163+00
78760d96-536e-46f9-be34-4744c376808c;67eab605-06f2-4399-b930-80e0a5b43417;A;0;2026-03-26 14:49:17.327621+00
1ec4a805-e778-440f-bb3b-3c98e9f91c66;67eab605-06f2-4399-b930-80e0a5b43417;B;1;2026-03-26 14:49:17.327621+00
1c6b762e-1b39-4269-86bb-092d8b08fe0c;776e2cd3-f93c-4994-8890-d213609e3a52;A;0;2026-04-03 08:56:29.19646+00
68adac57-9724-4a5e-8fef-d1fcdcbff739;776e2cd3-f93c-4994-8890-d213609e3a52;B;1;2026-04-03 08:56:29.19646+00
5b1b7af9-ffd2-48d0-9dcc-5fccd1eb7c49;776e2cd3-f93c-4994-8890-d213609e3a52;C;2;2026-04-03 08:56:29.19646+00
e609e0b7-fc82-463d-b2ed-9bd3d7485b57;776e2cd3-f93c-4994-8890-d213609e3a52;D;3;2026-04-03 08:56:29.19646+00
5236833a-d4a0-4e79-9abf-69bc3f2a6093;73f98d29-82b7-4eee-8f9b-d34dc5535ec9;A;0;2025-12-24 01:13:34.172649+00
9faab9a7-f1fa-4248-a662-137a07366675;73f98d29-82b7-4eee-8f9b-d34dc5535ec9;B;1;2025-12-24 01:13:34.172649+00
fb15bcdc-fbcc-447e-b3a6-83384520c74d;73f98d29-82b7-4eee-8f9b-d34dc5535ec9;C;2;2025-12-24 01:13:34.172649+00
d5451933-89f3-43fb-a7c9-350f176b2bf8;73f98d29-82b7-4eee-8f9b-d34dc5535ec9;D;3;2025-12-24 01:13:34.172649+00
008925d0-0427-4d33-a9db-cfbed2ee1561;73f98d29-82b7-4eee-8f9b-d34dc5535ec9;E;4;2025-12-24 01:13:34.172649+00
9f506042-5610-48b8-a284-70e72ed2e06c;73f98d29-82b7-4eee-8f9b-d34dc5535ec9;F;5;2025-12-24 01:13:34.172649+00
31a06e0d-8300-426b-9ee1-9c2f29f8770f;9a9e9e7c-ac6b-4870-9d74-2e3c60540026;A;0;2026-04-03 09:40:59.204869+00
65bac1e1-6654-416b-82a7-2b7e94c81877;9a9e9e7c-ac6b-4870-9d74-2e3c60540026;B;1;2026-04-03 09:40:59.204869+00
eb47dd4c-a53e-4ddc-97ba-79739d29c1b1;9a9e9e7c-ac6b-4870-9d74-2e3c60540026;C;2;2026-04-03 09:40:59.204869+00
5e8137be-8499-435d-a9e9-93e91affa640;9a9e9e7c-ac6b-4870-9d74-2e3c60540026;D;3;2026-04-03 09:40:59.204869+00
60c26d76-f084-4719-b0c6-3d2a27da87bc;23ab5de0-815f-41f6-8a29-545207e9dd3f;A;0;2026-04-07 13:57:43.360186+00
9e724ce8-a586-4d12-94f1-6bdee4ea2887;23ab5de0-815f-41f6-8a29-545207e9dd3f;B;1;2026-04-07 13:57:43.360186+00
e7c10a56-3e59-4100-867b-f70e350da924;23ab5de0-815f-41f6-8a29-545207e9dd3f;C;2;2026-04-07 13:57:43.360186+00
43cf6491-e6c9-4239-b734-342eb6543150;23ab5de0-815f-41f6-8a29-545207e9dd3f;D;3;2026-04-07 13:57:43.360186+00
4e9fde4a-2e59-4b57-90a4-771c3378947d;95fe148d-c264-42b8-bf92-dd309c302728;A;0;2026-02-01 08:18:37.285849+00
8fb8d964-1a95-4bef-bece-a10fc299d032;95fe148d-c264-42b8-bf92-dd309c302728;B;1;2026-02-01 08:18:37.285849+00
dc897423-781e-4a29-b18d-813357e728f4;95fe148d-c264-42b8-bf92-dd309c302728;C;2;2026-02-01 08:18:37.285849+00
fd988701-eba4-445b-b851-78681246262a;8189d405-eb39-4c45-90ff-347b97398739;A;0;2026-03-21 13:11:57.269374+00
50d681d3-23ff-4382-9055-cc01ff83a7ee;6362436f-1982-4500-83fd-00be678ee3ed;A;0;2026-02-28 03:49:44.439419+00
01b825d7-7bfc-4be0-b050-6c5888e08122;6362436f-1982-4500-83fd-00be678ee3ed;B;1;2026-02-28 03:49:44.439419+00
84fafcaf-e62c-4ad5-b8f3-d497f8f1a104;6362436f-1982-4500-83fd-00be678ee3ed;C;2;2026-02-28 03:49:44.439419+00
bce91b91-c90a-43ac-9efd-8112f6360e0c;6362436f-1982-4500-83fd-00be678ee3ed;D;3;2026-02-28 03:49:44.439419+00
294540ba-7a01-469d-b690-5c41ccfa1554;6362436f-1982-4500-83fd-00be678ee3ed;E;4;2026-02-28 03:49:44.439419+00
d6b13098-1698-4fd4-ae92-29ad1d8dd291;6362436f-1982-4500-83fd-00be678ee3ed;F;5;2026-02-28 03:49:44.439419+00
c04519e1-2297-49ea-881b-8928a0df227c;6362436f-1982-4500-83fd-00be678ee3ed;G;6;2026-02-28 03:49:44.439419+00
5ad2b325-90f3-42e5-ad55-37a9a4c2f2a0;8189d405-eb39-4c45-90ff-347b97398739;B;1;2026-03-21 13:11:57.269374+00
8acf1c5d-39f8-4300-b5eb-f4bfb3bff52c;1993676f-43b3-4937-a51e-1c532314c2b6;A;0;2026-03-27 09:18:32.972997+00
9dcd199f-f41f-4f19-9eef-0f5b4ca98568;1993676f-43b3-4937-a51e-1c532314c2b6;B;1;2026-03-27 09:18:32.972997+00
7d238e76-e92b-4399-ad2a-1599e01233dd;1993676f-43b3-4937-a51e-1c532314c2b6;C;2;2026-03-27 09:18:32.972997+00
91540ba6-ef98-4623-b79f-14b1bbe3498a;3e66a71e-d374-4012-a66d-bde11f473445;A;0;2026-04-03 09:21:31.879255+00
7360e49e-3379-4e38-bcde-948d1cd13f4a;3e66a71e-d374-4012-a66d-bde11f473445;B;1;2026-04-03 09:21:31.879255+00
77639797-582f-4326-80f4-22034f753378;3e66a71e-d374-4012-a66d-bde11f473445;C;2;2026-04-03 09:21:31.879255+00
a8ed95fc-2176-4a19-b8cc-c32f92234f12;c8df7618-741c-4a50-8475-fdd71eb57124;A;0;2026-04-03 09:51:19.586318+00
e44af8c2-a273-42f9-b0ba-b41eca7ad92c;c8df7618-741c-4a50-8475-fdd71eb57124;B;1;2026-04-03 09:51:19.586318+00
b91399fd-a71f-4a0d-8a8d-93ed5b564e60;c8df7618-741c-4a50-8475-fdd71eb57124;C;2;2026-04-03 09:51:19.586318+00
4f75aeb0-c444-4552-8386-e2c50c382652;c8df7618-741c-4a50-8475-fdd71eb57124;D;3;2026-04-03 09:51:19.586318+00
0552f9fd-a097-41ff-9180-9e8fb817670f;66a99480-60d2-468e-9017-28b1cb661913;A;0;2025-12-24 06:26:48.42089+00
d262e2ca-f570-4d03-8cc5-b5bc1c1e211d;66a99480-60d2-468e-9017-28b1cb661913;B;1;2025-12-24 06:26:48.42089+00
c8071aeb-7460-4244-8225-e8df8fdbbefe;c8df7618-741c-4a50-8475-fdd71eb57124;E;4;2026-04-03 09:51:19.586318+00
dc245265-3e23-403e-88a9-ac075bd6e7c3;c8df7618-741c-4a50-8475-fdd71eb57124;F;5;2026-04-03 09:51:19.586318+00
d4966f68-386e-455b-b8db-96adc3ffd608;6362436f-1982-4500-83fd-00be678ee3ed;H;7;2026-02-28 03:49:44.439419+00
5573cd06-23e9-46cc-ac9a-e5988ede857e;1ab217de-4bfd-47fc-bd67-72647e89feda;A;0;2026-03-02 03:47:56.434251+00
1d08aaa0-295e-4409-a780-8c141da4c1bb;1ab217de-4bfd-47fc-bd67-72647e89feda;B;1;2026-03-02 03:47:56.434251+00
28b5c4ff-a40a-4cdf-bfb8-598ae8da12bd;f5756beb-43d3-41b4-b74c-b85b159db0ec;A;0;2025-12-25 02:02:02.819478+00
f714956c-23ae-40da-85ad-b28291d7b1f6;f5756beb-43d3-41b4-b74c-b85b159db0ec;B;1;2025-12-25 02:02:02.819478+00
8993227e-0212-4bad-be63-662050c2849d;f5756beb-43d3-41b4-b74c-b85b159db0ec;C;2;2025-12-25 02:02:02.819478+00
e0a9090c-73b2-45c7-93f6-0e36c24017a5;f5756beb-43d3-41b4-b74c-b85b159db0ec;D;3;2025-12-25 02:02:02.819478+00
7d774ac6-1b10-44bc-ac19-2544de02904a;1013ca83-8901-4abe-9c3e-99ee11150a5d;A;0;2025-12-25 03:07:35.47989+00
5436b213-83ed-4f99-ae3b-b6664e6dc139;1013ca83-8901-4abe-9c3e-99ee11150a5d;B;1;2025-12-25 03:07:35.47989+00
12c10733-c15a-4474-b6ca-eadebcb8d374;1013ca83-8901-4abe-9c3e-99ee11150a5d;C;2;2025-12-25 03:07:35.47989+00
f0304de8-1daa-4056-b92a-c03c389fe488;d89f57ad-cea7-434e-a59b-8a96659217c6;A;0;2025-12-25 14:28:33.338548+00
8e24919a-a59c-4f87-a41d-7fa04830a60a;d89f57ad-cea7-434e-a59b-8a96659217c6;B;1;2025-12-25 14:28:33.338548+00
33f3d749-8a1e-4890-a1e8-16f63d4c458b;0e8de38b-e40b-4dda-b0d3-cee40dc348dc;A;0;2025-12-26 06:07:49.980957+00
0d34edf4-c7cb-4d6d-b0dd-8efb17b3a3f4;0e8de38b-e40b-4dda-b0d3-cee40dc348dc;B;1;2025-12-26 06:07:49.980957+00
8d6d5dad-8c45-4254-b40c-227758f32224;0e8de38b-e40b-4dda-b0d3-cee40dc348dc;C;2;2025-12-26 06:07:49.980957+00
8f9e714a-c2f9-46a0-9fc3-0c25e89303b3;0e8de38b-e40b-4dda-b0d3-cee40dc348dc;D;3;2025-12-26 06:07:49.980957+00
e2032390-f457-4320-b41b-51bf3c8e575f;4234f32a-5e44-4c79-818b-4c97b0b34c21;A;0;2025-12-26 06:30:34.807518+00
5bcfc57d-0c5a-4512-9ea5-543c8568bfc1;4234f32a-5e44-4c79-818b-4c97b0b34c21;B;1;2025-12-26 06:30:34.807518+00
88a944f1-042e-4b06-b424-537391f7e088;4234f32a-5e44-4c79-818b-4c97b0b34c21;C;2;2025-12-26 06:30:34.807518+00
ce0c4adf-c6ac-4a33-848c-04a01071bf19;da96f606-fe8f-4ce1-9cf2-8ea2edf82c71;A;0;2025-12-26 06:33:12.100801+00
84bde4e7-ed6f-4e88-b0dc-7673ebb517a4;da96f606-fe8f-4ce1-9cf2-8ea2edf82c71;B;1;2025-12-26 06:33:12.100801+00
df198299-17e3-4d4d-ba4c-017b8985c558;da96f606-fe8f-4ce1-9cf2-8ea2edf82c71;C;2;2025-12-26 06:33:12.100801+00
19e3306a-568b-4b9d-8d25-55b9140aeeae;da96f606-fe8f-4ce1-9cf2-8ea2edf82c71;D;3;2025-12-26 06:33:12.100801+00
41771a54-a006-497d-856f-67bff0b172f5;da96f606-fe8f-4ce1-9cf2-8ea2edf82c71;E;4;2025-12-26 06:33:12.100801+00
e548f5a3-92f0-4b3c-853e-8a08c1d05e3f;da96f606-fe8f-4ce1-9cf2-8ea2edf82c71;F;5;2025-12-26 06:33:12.100801+00
60ed8643-8c2d-4856-8472-f653529da0c6;d261255e-5591-4b6e-8f45-6c69f064f290;A;0;2025-12-26 14:46:14.318691+00
d2d8e438-8c32-4279-988b-98857f551e5e;d261255e-5591-4b6e-8f45-6c69f064f290;B;1;2025-12-26 14:46:14.318691+00
1aa7e56c-482b-4b44-8270-49f639c90fcc;d261255e-5591-4b6e-8f45-6c69f064f290;C;2;2025-12-26 14:46:14.318691+00
87fac733-7365-4326-9329-1f60ad0ff89f;d261255e-5591-4b6e-8f45-6c69f064f290;D;3;2025-12-26 14:46:14.318691+00
2d66e735-65da-4b54-a32e-3e56e50228c7;c195a946-7558-4676-85a5-fb353472d770;A;0;2025-12-26 14:51:13.33773+00
03eace91-d8f0-4b9a-b4b4-0a4230a6a763;c195a946-7558-4676-85a5-fb353472d770;B;1;2025-12-26 14:51:13.33773+00
ce93762d-ae45-459d-87ba-6946c421cc43;eadd4767-636e-4f33-8d6f-7632bd97dd2b;A;0;2025-12-27 01:57:25.594058+00
f35c6097-19e1-4018-9bb7-b38f8de606ad;eadd4767-636e-4f33-8d6f-7632bd97dd2b;B;1;2025-12-27 01:57:25.594058+00
cf6888c6-68cb-4e57-bde7-6320137926ac;eadd4767-636e-4f33-8d6f-7632bd97dd2b;C;2;2025-12-27 01:57:25.594058+00
b7f6a34e-0213-45b1-a1b0-5477644a9c5a;eadd4767-636e-4f33-8d6f-7632bd97dd2b;D;3;2025-12-27 01:57:25.594058+00
63c418c0-c13a-49ec-a419-fcd9286b2e86;9023a09e-e68c-4dc1-bfa3-2df68382a1e7;A;0;2025-12-28 11:05:17.469796+00
b5d93e17-095d-4c97-b69f-f85ab6475719;9023a09e-e68c-4dc1-bfa3-2df68382a1e7;B;1;2025-12-28 11:05:17.469796+00
6798f22e-ecf2-466e-af2a-7246a32d53f3;a753439a-886b-4952-8fc8-311692142c00;A;0;2025-12-28 13:38:38.914921+00
cddbf9f6-b6fe-4922-8a7a-04743cfa68e1;a753439a-886b-4952-8fc8-311692142c00;B;1;2025-12-28 13:38:38.914921+00
2a754fe2-bdf2-4976-9372-cb583047a3c6;a753439a-886b-4952-8fc8-311692142c00;C;2;2025-12-28 13:38:38.914921+00
1dd51a26-d062-4a98-828a-d635376cb5a7;a753439a-886b-4952-8fc8-311692142c00;D;3;2025-12-28 13:38:38.914921+00
94b7240d-1def-4cb8-9080-6bff79aabdfe;9e47105b-489f-40db-8189-c5150e707383;A;0;2025-12-30 00:47:06.914584+00
b6a0399d-241c-4bc9-991f-14276aa2d1e2;9e47105b-489f-40db-8189-c5150e707383;B;1;2025-12-30 00:47:06.914584+00
bd6057fc-763e-4836-ac35-59bd72c63624;9e47105b-489f-40db-8189-c5150e707383;C;2;2025-12-30 00:47:06.914584+00
da32d438-f1da-4055-8016-4d16e8608fb5;9e47105b-489f-40db-8189-c5150e707383;D;3;2025-12-30 00:47:06.914584+00
544d0012-875b-43b3-9176-275c2150085d;9e47105b-489f-40db-8189-c5150e707383;E;4;2025-12-30 00:47:06.914584+00
dadc4c65-3e3b-4f8f-82ff-ce14e3fb70aa;9e47105b-489f-40db-8189-c5150e707383;F;5;2025-12-30 00:47:06.914584+00
909fe391-efea-4b15-aef1-4388ebae5eef;b59c5e79-12e0-4e21-9548-ebd5df0f8162;A;0;2025-12-30 00:55:54.23841+00
2acee554-e7b6-4729-bb8d-581a271d710f;b59c5e79-12e0-4e21-9548-ebd5df0f8162;B;1;2025-12-30 00:55:54.23841+00
f9d374d2-c7eb-4846-8f77-03f14e2998fe;b59c5e79-12e0-4e21-9548-ebd5df0f8162;C;2;2025-12-30 00:55:54.23841+00
aae35abc-3153-4dca-9ab3-45086a745597;b59c5e79-12e0-4e21-9548-ebd5df0f8162;D;3;2025-12-30 00:55:54.23841+00
948339e4-d435-480b-bbdf-84c0e9e924f9;87f3bc03-139e-418b-9ce4-52c86e42a5c3;A;0;2026-02-01 14:56:59.082523+00
5b06a501-176a-46c8-942b-f10b14a69e58;87f3bc03-139e-418b-9ce4-52c86e42a5c3;B;1;2026-02-01 14:56:59.082523+00
18e0400c-fd30-49c9-ac4d-552810171124;87f3bc03-139e-418b-9ce4-52c86e42a5c3;C;2;2026-02-01 14:56:59.082523+00
9d297b3b-2222-4c49-8070-6d3101cf16d2;87f3bc03-139e-418b-9ce4-52c86e42a5c3;D;3;2026-02-01 14:56:59.082523+00
5d094234-3720-4f30-83e6-f0e4efd4688a;0ab141c6-0e27-4f13-aaa6-b5f792ef3691;A;0;2026-03-01 11:37:33.856771+00
e5e67f9f-04a3-4052-80dc-b1c6ae2fa1b2;0ab141c6-0e27-4f13-aaa6-b5f792ef3691;B;1;2026-03-01 11:37:33.856771+00
b8c76e86-c448-45e9-aa99-e8a7890da57c;c4a0e11d-f906-4755-86d6-c0789055406b;A;0;2025-12-30 02:19:37.327651+00
bbecf75b-4ed2-45fd-824a-725d388f0a45;c4a0e11d-f906-4755-86d6-c0789055406b;B;1;2025-12-30 02:19:37.327651+00
aa509b7f-7528-451f-bf6c-152a324ff32e;c4a0e11d-f906-4755-86d6-c0789055406b;C;2;2025-12-30 02:19:37.327651+00
62190628-dfe6-43a6-9d0c-d70ec414e323;c4a0e11d-f906-4755-86d6-c0789055406b;D;3;2025-12-30 02:19:37.327651+00
4927ee15-5fad-4169-998c-907c473caa51;c4a0e11d-f906-4755-86d6-c0789055406b;E;4;2025-12-30 02:19:37.327651+00
f5dbaab1-d635-4fbb-86c3-7c945a0dfaf5;c4a0e11d-f906-4755-86d6-c0789055406b;F;5;2025-12-30 02:19:37.327651+00
a2f3d7bb-2922-49ba-b910-eae907a9476d;c074cd41-da2b-43fc-89d7-1b9b86771565;A;0;2025-12-30 11:54:54.001585+00
ec9da8eb-7fe9-4a11-be81-1f94b956bbc3;c074cd41-da2b-43fc-89d7-1b9b86771565;B;1;2025-12-30 11:54:54.001585+00
12b8b62a-7cbc-4090-bd43-5b3d19fa806f;c074cd41-da2b-43fc-89d7-1b9b86771565;C;2;2025-12-30 11:54:54.001585+00
05d55b29-142d-4e54-a6b8-8d12f2502ad6;5b987194-4e93-463b-8bc4-602f5cb13283;A;0;2026-03-03 03:42:14.079611+00
707e9f95-de47-41b0-8543-23fdab5dd829;5b987194-4e93-463b-8bc4-602f5cb13283;B;1;2026-03-03 03:42:14.079611+00
2707840f-971c-49c0-8d04-eed52ce9eaad;5b987194-4e93-463b-8bc4-602f5cb13283;C;2;2026-03-03 03:42:14.079611+00
30882b73-4ef1-4c9c-920d-ec7799b2bed0;5b987194-4e93-463b-8bc4-602f5cb13283;D;3;2026-03-03 03:42:14.079611+00
f79403a3-89ed-4e2e-9a8c-20f515983486;492e2707-376a-4ed6-9467-bb7b6d95da42;A;0;2026-03-23 09:08:57.144185+00
b0debb12-8ed1-456a-a98a-03612783232f;492e2707-376a-4ed6-9467-bb7b6d95da42;B;1;2026-03-23 09:08:57.144185+00
84e5bed0-a50a-4c6a-9450-1e0d5812420f;8d252886-4789-4d81-8f29-37fdbe065760;A;0;2026-01-08 05:31:49.584517+00
19d42939-a298-4463-b644-c1b05bf1e2f8;8d252886-4789-4d81-8f29-37fdbe065760;B;1;2026-01-08 05:31:49.584517+00
5c8c2ea1-30aa-42e0-9e43-1ad025359ef8;268b159d-3c85-4fc7-8b84-6d8234dc87df;A;0;2026-01-14 13:04:55.868287+00
05721860-3795-42ce-ab4d-3f3cd8bb3dbb;268b159d-3c85-4fc7-8b84-6d8234dc87df;B;1;2026-01-14 13:04:55.868287+00
15b75d48-5061-4599-8307-12a5d0ace1f3;268b159d-3c85-4fc7-8b84-6d8234dc87df;C;2;2026-01-14 13:04:55.868287+00
4debf217-b843-4abf-adea-c9839114e4b0;268b159d-3c85-4fc7-8b84-6d8234dc87df;D;3;2026-01-14 13:04:55.868287+00
61da6c04-7d57-4ca1-8a65-4a90153f2c50;91de9757-6909-4cdc-925b-1eed4578796b;A;0;2026-01-20 13:50:31.428068+00
033ed904-3cf1-4c97-a6b2-7b0cc4575222;91de9757-6909-4cdc-925b-1eed4578796b;B;1;2026-01-20 13:50:31.428068+00
3a8bcaca-43e2-4563-8d31-39a810de9cd5;91de9757-6909-4cdc-925b-1eed4578796b;C;2;2026-01-20 13:50:31.428068+00
a369f3ca-fdc5-421d-b078-8f6dc82d15b4;91de9757-6909-4cdc-925b-1eed4578796b;D;3;2026-01-20 13:50:31.428068+00
1d24df26-92dd-4ea0-8c81-dc3fb5f4b222;91de9757-6909-4cdc-925b-1eed4578796b;E;4;2026-01-20 13:50:31.428068+00
5f374b80-19dc-49e1-bb1a-4d9379776d5c;91de9757-6909-4cdc-925b-1eed4578796b;F;5;2026-01-20 13:50:31.428068+00
9d0671c0-84ba-4780-a054-0322b3ed9f14;91de9757-6909-4cdc-925b-1eed4578796b;G;6;2026-01-20 13:50:31.428068+00
9b2fce1e-39f0-4d4c-bac2-976ed9a04ea8;91de9757-6909-4cdc-925b-1eed4578796b;H;7;2026-01-20 13:50:31.428068+00
90b66cbc-2bbc-4257-adad-338c965f2c5a;699719ce-e0f2-4fcf-994a-f14e884c9eb5;A;0;2026-01-23 02:45:22.287377+00
e9ef1431-3b30-4768-8658-344e3d0c1787;699719ce-e0f2-4fcf-994a-f14e884c9eb5;B;1;2026-01-23 02:45:22.287377+00
8c63e156-1ac1-4677-9e98-b64a07bb441b;fd950b3f-8983-4653-afa4-abb67eff9438;A;0;2026-04-03 09:28:22.046475+00
9154bc82-4ec4-4766-8374-f69e88827d1a;fd950b3f-8983-4653-afa4-abb67eff9438;B;1;2026-04-03 09:28:22.046475+00
d12193d1-d6d1-49a0-8bbd-29231dd3356b;fd950b3f-8983-4653-afa4-abb67eff9438;C;2;2026-04-03 09:28:22.046475+00
5172cae4-9107-4f39-81b9-2bfd662ad7b7;fd950b3f-8983-4653-afa4-abb67eff9438;D;3;2026-04-03 09:28:22.046475+00
31f9cf51-258b-4033-bae2-5d4dc14b2cc6;fd950b3f-8983-4653-afa4-abb67eff9438;E;4;2026-04-03 09:28:22.046475+00
d28fbfda-4dbf-469a-8cb2-88bf3849b677;fd950b3f-8983-4653-afa4-abb67eff9438;F;5;2026-04-03 09:28:22.046475+00
fbbdbb62-65c6-4b12-bbe5-de272113d87a;fd950b3f-8983-4653-afa4-abb67eff9438;G;6;2026-04-03 09:28:22.046475+00
86271d8f-d70b-401a-b74e-0400f05d198a;6dc84d7d-68c1-4510-b95e-57fe45b72191;A;0;2026-01-30 02:01:02.155013+00
a0473cf7-3a53-4776-8ed1-890b7a65e52f;6dc84d7d-68c1-4510-b95e-57fe45b72191;B;1;2026-01-30 02:01:02.155013+00
5adfdb02-bc0c-4efe-82ab-0b4468bdb882;6dc84d7d-68c1-4510-b95e-57fe45b72191;C;2;2026-01-30 02:01:02.155013+00
1a312906-d365-4509-8cd5-b5e07a93c83a;6dc84d7d-68c1-4510-b95e-57fe45b72191;D;3;2026-01-30 02:01:02.155013+00
74e80015-acc0-4abb-9887-2510e1d9ac82;d492103e-916a-4a2d-9051-0189a908fe4d;A;0;2026-01-30 02:19:14.185545+00
c6d49949-9343-4675-9e3f-bc19e31544d8;d492103e-916a-4a2d-9051-0189a908fe4d;B;1;2026-01-30 02:19:14.185545+00
786fec8b-116d-4a8a-9008-e4668e31c863;d492103e-916a-4a2d-9051-0189a908fe4d;C;2;2026-01-30 02:19:14.185545+00
8e795ec6-428e-4d76-9134-5619730cde33;d492103e-916a-4a2d-9051-0189a908fe4d;D;3;2026-01-30 02:19:14.185545+00
a69a3777-6111-472a-b2bb-d7e1f4e32994;106d7dc1-68c2-4ac5-9497-fbd90b45ee34;A;0;2026-01-30 02:43:30.1039+00
bbd2d461-faa3-41e4-832b-d2630daf0941;106d7dc1-68c2-4ac5-9497-fbd90b45ee34;B;1;2026-01-30 02:43:30.1039+00
1bac1392-bde2-4853-b1b5-0818a894ad71;ff222ff6-e651-489c-8f6e-15b0a1d8845f;A;0;2026-01-30 02:51:33.461957+00
d3edd435-704c-4ba0-991a-67a0d8efbff8;ff222ff6-e651-489c-8f6e-15b0a1d8845f;B;1;2026-01-30 02:51:33.461957+00
07001637-1f7a-42c6-afaf-c8fd4e68651a;ff222ff6-e651-489c-8f6e-15b0a1d8845f;C;2;2026-01-30 02:51:33.461957+00
5cdce51f-d288-495e-9ccc-77d625249aaf;ff222ff6-e651-489c-8f6e-15b0a1d8845f;D;3;2026-01-30 02:51:33.461957+00
ea4877ca-eba8-48a3-8d89-f0fd76c2bcec;fd950b3f-8983-4653-afa4-abb67eff9438;H;7;2026-04-03 09:28:22.046475+00
031ee7c8-ef70-4d02-8167-dd312d92a4f5;f5f143ff-a27e-4cbd-8632-3e4f307783fe;A;0;2026-04-03 15:36:43.849179+00
1fd37596-6f37-4e6a-99dc-70188cb30a6a;f5f143ff-a27e-4cbd-8632-3e4f307783fe;B;1;2026-04-03 15:36:43.849179+00
80ca2247-e5bc-45cb-9c8e-461606c56a61;f5f143ff-a27e-4cbd-8632-3e4f307783fe;C;2;2026-04-03 15:36:43.849179+00
711b8e9f-26b0-4096-81cb-e6b48191606e;f5f143ff-a27e-4cbd-8632-3e4f307783fe;D;3;2026-04-03 15:36:43.849179+00
d24e56bc-e600-4a91-9079-64d7a601e1c1;3a6961a0-81f7-4648-8203-104859e7af9d;A;0;2026-04-09 03:07:01.269894+00
8c8e31d6-b43f-449c-a71b-232fc0137d14;6b100c80-c3dd-4646-bcf1-462883ed65c0;A;0;2026-01-31 00:12:26.739461+00
62c10004-edf8-429d-aed3-ac71e82ee6ed;6b100c80-c3dd-4646-bcf1-462883ed65c0;B;1;2026-01-31 00:12:26.739461+00
c46d068e-243c-449d-a94e-fc97439afdec;6b100c80-c3dd-4646-bcf1-462883ed65c0;C;2;2026-01-31 00:12:26.739461+00
d0fbe8f2-6f24-4df9-b58d-34fcadcfdaaf;6b100c80-c3dd-4646-bcf1-462883ed65c0;D;3;2026-01-31 00:12:26.739461+00
06d39730-d2ed-4560-8488-d27d0830c59f;3a6961a0-81f7-4648-8203-104859e7af9d;B;1;2026-04-09 03:07:01.269894+00
f2573a5d-f6ac-4e42-9a9a-b92737aa7b05;3a6961a0-81f7-4648-8203-104859e7af9d;C;2;2026-04-09 03:07:01.269894+00
14130bed-430f-4d7c-a3d6-127d73a1e4e3;3a6961a0-81f7-4648-8203-104859e7af9d;D;3;2026-04-09 03:07:01.269894+00
a36a0a87-59bc-4222-92a1-9978eaa153cc;3a6961a0-81f7-4648-8203-104859e7af9d;E;4;2026-04-09 03:07:01.269894+00
72090d5c-e50d-4843-949a-0c4dea815a40;3a6961a0-81f7-4648-8203-104859e7af9d;F;5;2026-04-09 03:07:01.269894+00