id;table_id;user_id;created_at
41e70268-6fda-4f73-adc1-6af45d598373;f5756beb-43d3-41b4-b74c-b85b159db0ec;5040f0f2-f564-401c-9737-4b030b6371d7;2025-12-25 02:11:23.243917+00
4e0761c7-8b2c-4be0-b9b2-01850b4df28c;f5756beb-43d3-41b4-b74c-b85b159db0ec;c7db8332-4f3a-4f1f-a8c6-474baccd5b51;2025-12-25 02:13:56.876205+00
6491c99d-ccee-4ef8-964d-52baeb52e441;1013ca83-8901-4abe-9c3e-99ee11150a5d;c7db8332-4f3a-4f1f-a8c6-474baccd5b51;2025-12-25 03:07:58.727332+00
23f151ae-882e-4145-8fba-5cb72252d628;c195a946-7558-4676-85a5-fb353472d770;67ffd83d-56c8-4464-82d0-a4d05f2f0352;2025-12-26 15:04:31.346828+00
66ffd32e-c912-4385-96a5-9d0379c7187a;eadd4767-636e-4f33-8d6f-7632bd97dd2b;2d776516-214d-4f20-975f-207cd0ba53e9;2025-12-27 02:04:52.492675+00
15611707-fbd8-40ee-b718-7778c319adfb;eadd4767-636e-4f33-8d6f-7632bd97dd2b;487a27dd-fe9d-4894-863d-90682b4a657d;2025-12-27 02:05:13.781398+00
15e3545c-53b2-4012-8008-e33b7543e55b;eadd4767-636e-4f33-8d6f-7632bd97dd2b;f9bfa1bd-54b9-4ff7-b700-25e4e240e115;2025-12-27 02:40:25.158082+00
b91ce379-851b-47cc-b6f9-8cc303567ec0;eadd4767-636e-4f33-8d6f-7632bd97dd2b;25edff60-3251-4ab3-b73f-4f9da12c5f6d;2025-12-27 03:29:55.683442+00
ab036c98-0845-4528-b1bf-d6d06b3e2a2f;3132261b-ece3-4b64-8692-32361923f50b;8f855f8e-2ca1-4276-9ddc-a514852303d4;2026-01-13 23:26:14.280948+00
c56d3f18-f527-4e89-a302-926debcf32c4;91de9757-6909-4cdc-925b-1eed4578796b;5040f0f2-f564-401c-9737-4b030b6371d7;2026-01-20 14:07:10.231515+00
887ad90a-f851-4163-90e5-efa603de6a11;a09cf3eb-e6ee-4955-a933-672f8af8245c;06ce90ab-e8dd-40bb-8f0d-ee859476c5fb;2026-01-29 03:12:18.514481+00
075b328d-3c1a-41ee-aa2d-f33236320b76;d492103e-916a-4a2d-9051-0189a908fe4d;c7db8332-4f3a-4f1f-a8c6-474baccd5b51;2026-01-30 02:20:41.864822+00
97ceaed9-61c9-43df-a341-aaa9fa4608f2;5b987194-4e93-463b-8bc4-602f5cb13283;fea7abac-0a9b-4dbb-9e82-8a0b1f6b4518;2026-03-03 11:41:03.72386+00
35b13839-15a6-4598-a935-06c767043552;5b987194-4e93-463b-8bc4-602f5cb13283;2967606e-9679-43b3-b451-bcd627a60d04;2026-03-03 11:41:36.174926+00
faa8f42c-c40e-4c3b-b0a1-36c72f78bd4b;5b987194-4e93-463b-8bc4-602f5cb13283;8585e737-4218-4631-9ac1-1c5a464ec6ad;2026-03-03 11:43:07.529368+00
50fa379a-fa98-4bc2-82f2-eb0fc6704595;5b987194-4e93-463b-8bc4-602f5cb13283;3c1b2022-4518-4da9-9ce7-fb41fac1a121;2026-03-04 06:23:10.020547+00
e181027b-f917-4d4b-bc72-06ae810d0578;1993676f-43b3-4937-a51e-1c532314c2b6;526967fe-dd4a-4a4f-92cd-5925b050f69b;2026-03-28 00:55:29.535661+00
d46a151e-faec-4c69-be98-ceacf39870d7;1993676f-43b3-4937-a51e-1c532314c2b6;f312d98d-1b3f-4da8-aa3f-85a03551d6fd;2026-03-28 00:56:06.528206+00
7811ad48-8a78-4b96-a645-7744e71b4112;1993676f-43b3-4937-a51e-1c532314c2b6;38e53a1b-8959-4983-9d39-6e3ae0c6ad9d;2026-03-28 00:56:47.787359+00
34f5acba-20d8-4f61-8129-95de694a4527;1993676f-43b3-4937-a51e-1c532314c2b6;8536739a-4cd6-4769-a6cd-ce9a62f34426;2026-03-28 01:06:43.944116+00
edc6a223-316d-449a-8918-0b3f01023517;1993676f-43b3-4937-a51e-1c532314c2b6;0ed02e30-7cd2-4adc-a996-fb7a261c1155;2026-03-28 01:13:22.018817+00
bd0b2909-8abe-4cfc-8c53-62d31b863aa1;3e66a71e-d374-4012-a66d-bde11f473445;f5926c68-5515-43af-b453-a3ce738e0a6a;2026-04-03 10:00:20.8139+00
71527a0b-e731-4ce5-9ef2-0c3e27688667;fd950b3f-8983-4653-afa4-abb67eff9438;f5926c68-5515-43af-b453-a3ce738e0a6a;2026-04-03 10:00:32.606563+00
f7b6da04-62b2-4d0c-a53e-08d6879d9634;9a9e9e7c-ac6b-4870-9d74-2e3c60540026;f5926c68-5515-43af-b453-a3ce738e0a6a;2026-04-03 10:00:42.918769+00
ef89376e-6161-4cbd-a51b-3dac385d5a60;776e2cd3-f93c-4994-8890-d213609e3a52;f5926c68-5515-43af-b453-a3ce738e0a6a;2026-04-03 10:01:26.041409+00
28205cdd-8407-4354-9c04-d7d4274be68d;c8df7618-741c-4a50-8475-fdd71eb57124;f5926c68-5515-43af-b453-a3ce738e0a6a;2026-04-03 10:01:35.008841+00
771f00ba-1e7a-48a8-b97a-d28cd663be27;c8df7618-741c-4a50-8475-fdd71eb57124;11d76539-ee02-49c1-9c92-ca5cc2600d1c;2026-04-03 10:01:49.232314+00
860dbf89-ed7e-4de1-9883-075fac92609c;9a9e9e7c-ac6b-4870-9d74-2e3c60540026;11d76539-ee02-49c1-9c92-ca5cc2600d1c;2026-04-03 10:02:04.587961+00
570a35b8-abc4-45e0-8294-f809cf881ae6;fd950b3f-8983-4653-afa4-abb67eff9438;11d76539-ee02-49c1-9c92-ca5cc2600d1c;2026-04-03 10:02:14.520558+00
7591826a-e1f9-4024-a28a-4f3f0100ccbb;3e66a71e-d374-4012-a66d-bde11f473445;11d76539-ee02-49c1-9c92-ca5cc2600d1c;2026-04-03 10:02:25.08392+00
b840f595-3bd6-4ebc-93a7-2b69d89743bb;776e2cd3-f93c-4994-8890-d213609e3a52;11d76539-ee02-49c1-9c92-ca5cc2600d1c;2026-04-03 10:02:35.896738+00
b52e7160-5bdc-48dc-b964-455fe4d20e2f;776e2cd3-f93c-4994-8890-d213609e3a52;99c4c163-9a42-4cfe-aa3a-d0ae5ed88334;2026-04-03 10:02:45.253963+00
8595e191-5efd-4b9a-83b5-22915fe36d66;3e66a71e-d374-4012-a66d-bde11f473445;99c4c163-9a42-4cfe-aa3a-d0ae5ed88334;2026-04-03 10:02:54.858444+00
78247017-70ae-4625-a43f-4868835b8fe7;fd950b3f-8983-4653-afa4-abb67eff9438;99c4c163-9a42-4cfe-aa3a-d0ae5ed88334;2026-04-03 10:03:05.407507+00
1c9fe5ca-ac61-4167-8f22-d86076fcc7ed;9a9e9e7c-ac6b-4870-9d74-2e3c60540026;99c4c163-9a42-4cfe-aa3a-d0ae5ed88334;2026-04-03 10:03:15.196654+00
cbaaf674-3569-4fd2-bed3-efa92660a813;c8df7618-741c-4a50-8475-fdd71eb57124;99c4c163-9a42-4cfe-aa3a-d0ae5ed88334;2026-04-03 10:03:25.731109+00
d1d5d5a7-c842-4420-ab82-b4d8834a5f38;c8df7618-741c-4a50-8475-fdd71eb57124;7e6281ba-49c1-4bcd-bf74-80357053e5b9;2026-04-03 10:03:37.252329+00
aa95d2f4-6ebc-49b7-aa07-3f4220c9dead;9a9e9e7c-ac6b-4870-9d74-2e3c60540026;7e6281ba-49c1-4bcd-bf74-80357053e5b9;2026-04-03 10:03:49.08015+00
a732d0b6-fbbe-4eaf-8783-d00327c591e3;fd950b3f-8983-4653-afa4-abb67eff9438;7e6281ba-49c1-4bcd-bf74-80357053e5b9;2026-04-03 10:04:00.30373+00
d3949163-51a1-44a0-b86e-a4090c65a785;3e66a71e-d374-4012-a66d-bde11f473445;7e6281ba-49c1-4bcd-bf74-80357053e5b9;2026-04-03 10:04:12.451621+00
e78849ea-8e78-4144-bb21-d13627a39a83;776e2cd3-f93c-4994-8890-d213609e3a52;7e6281ba-49c1-4bcd-bf74-80357053e5b9;2026-04-03 10:04:24.292289+00
7f5f272a-b6e6-4435-a7c1-3a9a9e07d57e;776e2cd3-f93c-4994-8890-d213609e3a52;8a536582-dee2-40f8-ba51-b5a82fa18481;2026-04-03 10:04:34.798544+00
ed36bf74-d965-44f2-8d24-7f2d2dd6bb7a;3e66a71e-d374-4012-a66d-bde11f473445;8a536582-dee2-40f8-ba51-b5a82fa18481;2026-04-03 10:04:49.251343+00
559a1a66-e7a5-4613-9402-bf9da217f3e1;fd950b3f-8983-4653-afa4-abb67eff9438;8a536582-dee2-40f8-ba51-b5a82fa18481;2026-04-03 10:05:02.528822+00
07475a50-fc14-470e-b962-7fae2872230d;9a9e9e7c-ac6b-4870-9d74-2e3c60540026;8a536582-dee2-40f8-ba51-b5a82fa18481;2026-04-03 10:05:13.720459+00
1436a336-de33-4886-880e-36e1f0e9cdc6;c8df7618-741c-4a50-8475-fdd71eb57124;8a536582-dee2-40f8-ba51-b5a82fa18481;2026-04-03 10:05:22.947111+00
ecf5813f-c4ca-4d9d-a6be-c09040450f25;c8df7618-741c-4a50-8475-fdd71eb57124;d9d9d553-777a-4a99-a586-13262682337d;2026-04-03 10:05:35.798805+00
d4c17a41-1289-4218-b820-92c50863a52d;9a9e9e7c-ac6b-4870-9d74-2e3c60540026;d9d9d553-777a-4a99-a586-13262682337d;2026-04-03 10:05:45.736078+00
ccc33677-8d3d-4ac3-a022-1d5c0aaea39c;fd950b3f-8983-4653-afa4-abb67eff9438;d9d9d553-777a-4a99-a586-13262682337d;2026-04-03 10:05:58.364581+00
6ec10eed-eced-488a-a441-11380f184be0;3e66a71e-d374-4012-a66d-bde11f473445;d9d9d553-777a-4a99-a586-13262682337d;2026-04-03 10:06:14.206717+00
4cc077ee-abb2-44b7-a99a-f8401db09590;776e2cd3-f93c-4994-8890-d213609e3a52;d9d9d553-777a-4a99-a586-13262682337d;2026-04-03 10:06:26.523718+00
157cb4a7-b0ec-4b46-92ba-8fe1a560f15b;776e2cd3-f93c-4994-8890-d213609e3a52;27c08875-07f1-4c75-a017-9a7759e9bad0;2026-04-03 10:07:01.600769+00
881cdea9-57ef-4312-a88b-205a1e1fe0c7;3e66a71e-d374-4012-a66d-bde11f473445;27c08875-07f1-4c75-a017-9a7759e9bad0;2026-04-03 10:07:15.327011+00
068e09ef-df02-453e-9604-5a56b3387b1a;fd950b3f-8983-4653-afa4-abb67eff9438;27c08875-07f1-4c75-a017-9a7759e9bad0;2026-04-03 10:07:25.394518+00
ac51567b-462e-4fb0-827b-ebe00c7994d2;9a9e9e7c-ac6b-4870-9d74-2e3c60540026;27c08875-07f1-4c75-a017-9a7759e9bad0;2026-04-03 10:07:39.963854+00
478ecf97-1040-429c-9d08-b28369334874;c8df7618-741c-4a50-8475-fdd71eb57124;27c08875-07f1-4c75-a017-9a7759e9bad0;2026-04-03 10:08:02.040534+00
eb31d950-d438-4090-afde-93da595543e5;c8df7618-741c-4a50-8475-fdd71eb57124;11b66c69-4db6-42df-9f7b-06b48342832c;2026-04-03 10:08:29.246688+00
5b3485a5-d7bd-44e4-aa01-68bea671f1f8;9a9e9e7c-ac6b-4870-9d74-2e3c60540026;11b66c69-4db6-42df-9f7b-06b48342832c;2026-04-03 10:08:39.831834+00
5a0b2490-87bd-449f-b4dc-ec4e9e478ac6;fd950b3f-8983-4653-afa4-abb67eff9438;11b66c69-4db6-42df-9f7b-06b48342832c;2026-04-03 10:08:52.680114+00
573bf8e6-fd8b-4986-84be-b64f794d5cff;3e66a71e-d374-4012-a66d-bde11f473445;11b66c69-4db6-42df-9f7b-06b48342832c;2026-04-03 10:09:04.116086+00
9688a136-3b16-4bc2-b97c-ea2a792acbe6;776e2cd3-f93c-4994-8890-d213609e3a52;11b66c69-4db6-42df-9f7b-06b48342832c;2026-04-03 10:09:15.49102+00
2bd294af-f34f-4bac-833e-5f00be2a9048;c8df7618-741c-4a50-8475-fdd71eb57124;fa54f0a1-0362-4184-a642-a9d880df424e;2026-04-03 10:19:27.198779+00
34e0d6a5-c8da-4e35-950b-e8422ee63a4f;9a9e9e7c-ac6b-4870-9d74-2e3c60540026;fa54f0a1-0362-4184-a642-a9d880df424e;2026-04-03 10:19:40.27072+00
4b2df213-710b-404a-bf82-711d970c7e71;fd950b3f-8983-4653-afa4-abb67eff9438;fa54f0a1-0362-4184-a642-a9d880df424e;2026-04-03 10:19:49.239812+00
f955f820-c32f-474f-b653-2e542fe78ba1;3e66a71e-d374-4012-a66d-bde11f473445;fa54f0a1-0362-4184-a642-a9d880df424e;2026-04-03 10:20:22.276697+00
cb6af314-5c02-4c65-aec4-a6da2ce62472;776e2cd3-f93c-4994-8890-d213609e3a52;fa54f0a1-0362-4184-a642-a9d880df424e;2026-04-03 10:20:33.791853+00
9e7f06e2-ad52-40cc-9977-a7fcc958758c;9a9e9e7c-ac6b-4870-9d74-2e3c60540026;222fad3b-5f80-4baa-b82a-a161c9285c9d;2026-04-03 10:43:25.713503+00
ea8d0620-7c57-43ad-a02e-c3209b60decf;c8df7618-741c-4a50-8475-fdd71eb57124;222fad3b-5f80-4baa-b82a-a161c9285c9d;2026-04-03 10:43:49.542409+00
7e749d51-98a9-4666-a46d-e8b580bd6b5d;fd950b3f-8983-4653-afa4-abb67eff9438;222fad3b-5f80-4baa-b82a-a161c9285c9d;2026-04-03 10:44:02.362235+00
6578c98c-cb8b-48b8-8d9b-f05702e6bd15;3e66a71e-d374-4012-a66d-bde11f473445;222fad3b-5f80-4baa-b82a-a161c9285c9d;2026-04-03 10:44:19.489526+00
51c61f24-5a70-451c-85ce-edf8f82c902f;776e2cd3-f93c-4994-8890-d213609e3a52;222fad3b-5f80-4baa-b82a-a161c9285c9d;2026-04-03 10:44:33.400539+00
6f3ee0fb-0a1a-403f-893a-067718f236d5;776e2cd3-f93c-4994-8890-d213609e3a52;90632ded-a1ab-471e-9b30-e8f7d2d3a84a;2026-04-04 00:54:12.421252+00
e3340c8d-eb8c-4c5b-8fb6-6a9389250e51;3e66a71e-d374-4012-a66d-bde11f473445;90632ded-a1ab-471e-9b30-e8f7d2d3a84a;2026-04-04 00:54:25.505891+00
625e011a-b435-40a1-87ab-8acfb7980425;fd950b3f-8983-4653-afa4-abb67eff9438;90632ded-a1ab-471e-9b30-e8f7d2d3a84a;2026-04-04 00:55:41.561123+00
aaaeab47-1322-4324-ad78-7d1caa4fdc21;c8df7618-741c-4a50-8475-fdd71eb57124;90632ded-a1ab-471e-9b30-e8f7d2d3a84a;2026-04-04 00:56:41.609429+00
05616376-702a-44dd-aa2e-c874ab31c3b3;c8df7618-741c-4a50-8475-fdd71eb57124;b15328d7-d343-40db-bb4f-11ec86df860e;2026-04-04 01:00:38.445761+00
d170118b-b161-422a-9bc3-e66f5c75e477;9a9e9e7c-ac6b-4870-9d74-2e3c60540026;b15328d7-d343-40db-bb4f-11ec86df860e;2026-04-04 01:00:48.8177+00
18329e9c-31d7-4131-bd6f-5998246064c0;fd950b3f-8983-4653-afa4-abb67eff9438;b15328d7-d343-40db-bb4f-11ec86df860e;2026-04-04 01:01:02.047893+00
f28a615e-4c65-410a-833b-8b4a8c266223;3e66a71e-d374-4012-a66d-bde11f473445;b15328d7-d343-40db-bb4f-11ec86df860e;2026-04-04 01:01:16.077364+00
c8d66732-787e-4ff6-b736-df5b9af1081b;776e2cd3-f93c-4994-8890-d213609e3a52;b15328d7-d343-40db-bb4f-11ec86df860e;2026-04-04 01:01:27.538303+00
82c5cb8b-7bb7-4ae2-a535-ee989ee799c1;776e2cd3-f93c-4994-8890-d213609e3a52;23c97cf7-ec0b-49d6-9e49-8266b3f3db3b;2026-04-04 01:08:23.961662+00
ea493d41-ab7e-4512-ac0f-0fbace78f5dc;3e66a71e-d374-4012-a66d-bde11f473445;23c97cf7-ec0b-49d6-9e49-8266b3f3db3b;2026-04-04 01:08:39.596275+00
2918adde-0494-4f8f-8504-c488dfe98a18;fd950b3f-8983-4653-afa4-abb67eff9438;23c97cf7-ec0b-49d6-9e49-8266b3f3db3b;2026-04-04 01:09:07.879722+00
a7cdd1dc-b196-4d4c-97b8-9b2023f6588e;9a9e9e7c-ac6b-4870-9d74-2e3c60540026;23c97cf7-ec0b-49d6-9e49-8266b3f3db3b;2026-04-04 01:09:23.044655+00
011bf0dd-679f-4cd7-9af6-4989d64a22b9;c8df7618-741c-4a50-8475-fdd71eb57124;23c97cf7-ec0b-49d6-9e49-8266b3f3db3b;2026-04-04 01:09:34.485095+00