id;match_id;template_id;order_index;game_type;display_name;scoring_type;lineup_team_a;lineup_team_b;score_a;score_b;winner_team_id;is_dreambreaker;status;created_at;updated_at
f4640735-fccc-46bc-ab98-40b802709d2b;d27d6736-3b17-4818-9a70-c3f9abdf3e47;;1;MD;MD2;sideout11;"[""0743a1c5-845e-48f7-b982-a6694438dd92"",""1b61f043-1930-43d0-add4-ddc5f8c3cd1d""]";"[""45bcf0d8-23af-4804-a123-27c12640e697"",""42a8a42f-4402-4b53-a255-db784c91a06c""]";11;2;;false;completed;2026-02-04 07:27:45.928164+00;2026-02-07 01:48:53.562636+00
ece6fbb5-b137-4ae2-a921-1d08969b0620;b42bc8e3-962a-4e9c-a267-6eeb4ca03af1;;2;MD;MD3;sideout11;"[""15ca369c-eced-42af-aff3-c34190837b1c"",""42a8a42f-4402-4b53-a255-db784c91a06c""]";"[""416a5908-fc45-4bb6-a444-6b492ec2fe7f"",""3199cff6-ff13-431b-b716-3750c80bde92""]";8;11;;false;completed;2026-02-04 07:27:45.928164+00;2026-02-07 04:29:37.563885+00
5db9954d-9e03-4616-b33e-12aafdc76259;b42bc8e3-962a-4e9c-a267-6eeb4ca03af1;;1;MD;MD2;sideout11;"[""45bcf0d8-23af-4804-a123-27c12640e697"",""e19bf19b-fb7c-4caf-9bb6-7e87b19bfa13""]";"[""940fed36-2fc5-459e-b289-3d4e769bb739"",""1dd2ce98-7065-48bb-81c0-f0c4d7af8bad""]";4;11;;false;completed;2026-02-04 07:27:45.928164+00;2026-02-07 03:45:45.66715+00
70f6d7a8-2883-44de-ac58-3b3ac1c8ea2d;c9b74102-42b9-4c7f-a743-d334c4db7417;;2;MD;MD3;sideout11;"[""ea9c120d-3329-413c-9c3f-89c9d90d6dfb"",""cfb182a7-22bc-4b33-be5d-827401f8e025""]";"[""0743a1c5-845e-48f7-b982-a6694438dd92"",""b0dc21a2-a4e2-4fd3-a305-f662107c603a""]";3;11;;false;completed;2026-02-04 07:27:45.928164+00;2026-02-07 03:54:50.1158+00
1eab3cb3-98ae-4329-9caf-4df63384ff71;d27d6736-3b17-4818-9a70-c3f9abdf3e47;;6;MS;Dreambreaker;rally21;"[""0743a1c5-845e-48f7-b982-a6694438dd92"",""b0dc21a2-a4e2-4fd3-a305-f662107c603a"",""613cf278-d6f5-475e-b809-69c4aa0a6f4b"",""1b61f043-1930-43d0-add4-ddc5f8c3cd1d""]";"[""45bcf0d8-23af-4804-a123-27c12640e697"",""e19bf19b-fb7c-4caf-9bb6-7e87b19bfa13"",""42a8a42f-4402-4b53-a255-db784c91a06c"",""cfd5bfd1-6122-4dc7-9ca8-2b716ff218f5""]";0;0;;true;pending;2026-02-04 07:27:45.928164+00;2026-02-07 01:14:39.951092+00
8c675ab7-50da-4b2f-a3c2-c3fe0495350e;9b260f2e-1627-4c5d-8dc3-d1bea9012db9;;2;MD;MD3;sideout11;"[""40368bab-25e3-4435-88f1-08ef458c248f"",""cfb182a7-22bc-4b33-be5d-827401f8e025""]";"[""1dd2ce98-7065-48bb-81c0-f0c4d7af8bad"",""940fed36-2fc5-459e-b289-3d4e769bb739""]";3;11;;false;completed;2026-02-04 07:27:45.928164+00;2026-02-07 02:01:30.508236+00
809ac64a-6aef-44e2-9726-61285fe09f5a;d27d6736-3b17-4818-9a70-c3f9abdf3e47;;2;MD;MD3;sideout11;"[""b0dc21a2-a4e2-4fd3-a305-f662107c603a"",""613cf278-d6f5-475e-b809-69c4aa0a6f4b""]";"[""e19bf19b-fb7c-4caf-9bb6-7e87b19bfa13"",""cfd5bfd1-6122-4dc7-9ca8-2b716ff218f5""]";5;11;;false;completed;2026-02-04 07:27:45.928164+00;2026-02-07 02:04:03.150857+00
78456f88-7a87-43db-b948-aac262fff14d;2016bb50-6d6a-4fc7-b4bf-6688c2b52cac;;3;MD;MD4;sideout11;"[""940fed36-2fc5-459e-b289-3d4e769bb739"",""3199cff6-ff13-431b-b716-3750c80bde92""]";"[""613cf278-d6f5-475e-b809-69c4aa0a6f4b"",""b0dc21a2-a4e2-4fd3-a305-f662107c603a""]";9;11;;false;completed;2026-02-04 07:27:45.928164+00;2026-02-07 03:17:13.384414+00
1627badb-5624-4e5b-b686-c9d6b3cc7050;b42bc8e3-962a-4e9c-a267-6eeb4ca03af1;;0;MD;MD1;sideout11;"[""cfd5bfd1-6122-4dc7-9ca8-2b716ff218f5"",""15ca369c-eced-42af-aff3-c34190837b1c""]";"[""416a5908-fc45-4bb6-a444-6b492ec2fe7f"",""940fed36-2fc5-459e-b289-3d4e769bb739""]";2;11;;false;completed;2026-02-04 07:27:45.928164+00;2026-02-07 03:45:28.257049+00
fb86727a-0f87-4998-bd24-6505627b4399;9b260f2e-1627-4c5d-8dc3-d1bea9012db9;;6;MS;Dreambreaker;rally21;"[""40368bab-25e3-4435-88f1-08ef458c248f"",""cfb182a7-22bc-4b33-be5d-827401f8e025"",""780cdafa-8ba8-4a76-80d8-006dfef4b5fb"",""ea9c120d-3329-413c-9c3f-89c9d90d6dfb""]";"[""940fed36-2fc5-459e-b289-3d4e769bb739"",""3199cff6-ff13-431b-b716-3750c80bde92"",""416a5908-fc45-4bb6-a444-6b492ec2fe7f"",""1dd2ce98-7065-48bb-81c0-f0c4d7af8bad""]";0;0;;true;pending;2026-02-04 07:27:45.928164+00;2026-02-07 01:17:17.5164+00
77b9e7dd-b6ee-436a-a1e0-bf51a1d7cb98;9b260f2e-1627-4c5d-8dc3-d1bea9012db9;;0;MD;MD1;sideout11;"[""cfb182a7-22bc-4b33-be5d-827401f8e025"",""ea9c120d-3329-413c-9c3f-89c9d90d6dfb""]";"[""416a5908-fc45-4bb6-a444-6b492ec2fe7f"",""940fed36-2fc5-459e-b289-3d4e769bb739""]";2;11;;false;completed;2026-02-04 07:27:45.928164+00;2026-02-07 01:30:17.583719+00
d524f7b7-0a63-4086-a3f2-db2395bb5b81;9b260f2e-1627-4c5d-8dc3-d1bea9012db9;;1;MD;MD2;sideout11;"[""55629878-9734-4d3d-a7b3-eda8329a8c59"",""40368bab-25e3-4435-88f1-08ef458c248f""]";"[""5c0e470c-4b5c-4487-a5e4-5bea02eb684d"",""3199cff6-ff13-431b-b716-3750c80bde92""]";11;8;;false;completed;2026-02-04 07:27:45.928164+00;2026-02-07 01:48:15.965699+00
78cb968a-fb3a-4393-b069-4b29f33875e8;d27d6736-3b17-4818-9a70-c3f9abdf3e47;;3;MD;MD4;sideout11;"[""613cf278-d6f5-475e-b809-69c4aa0a6f4b"",""0743a1c5-845e-48f7-b982-a6694438dd92""]";"[""45bcf0d8-23af-4804-a123-27c12640e697"",""e19bf19b-fb7c-4caf-9bb6-7e87b19bfa13""]";11;3;;false;completed;2026-02-04 07:27:45.928164+00;2026-02-07 02:13:59.816409+00
da5f3464-9c5a-45f1-be54-933cb830af99;9b260f2e-1627-4c5d-8dc3-d1bea9012db9;;3;MD;MD4;sideout11;"[""780cdafa-8ba8-4a76-80d8-006dfef4b5fb"",""ea9c120d-3329-413c-9c3f-89c9d90d6dfb""]";"[""940fed36-2fc5-459e-b289-3d4e769bb739"",""3199cff6-ff13-431b-b716-3750c80bde92""]";6;11;;false;completed;2026-02-04 07:27:45.928164+00;2026-02-07 02:15:08.685804+00
b65d4728-453d-4860-b46c-6763174d674e;c9b74102-42b9-4c7f-a743-d334c4db7417;;0;MD;MD1;sideout11;"[""780cdafa-8ba8-4a76-80d8-006dfef4b5fb"",""cfb182a7-22bc-4b33-be5d-827401f8e025""]";"[""b0dc21a2-a4e2-4fd3-a305-f662107c603a"",""1b61f043-1930-43d0-add4-ddc5f8c3cd1d""]";11;2;;false;completed;2026-02-04 07:27:45.928164+00;2026-02-07 03:44:46.624203+00
21a942d1-6e4b-4134-bffe-800856ff6b03;2016bb50-6d6a-4fc7-b4bf-6688c2b52cac;;6;MS;Dreambreaker;rally21;"[""3199cff6-ff13-431b-b716-3750c80bde92"",""1dd2ce98-7065-48bb-81c0-f0c4d7af8bad"",""940fed36-2fc5-459e-b289-3d4e769bb739"",""5c0e470c-4b5c-4487-a5e4-5bea02eb684d""]";"[""0743a1c5-845e-48f7-b982-a6694438dd92"",""b0dc21a2-a4e2-4fd3-a305-f662107c603a"",""39392b96-816f-48fd-a4cf-0e8f79185369"",""1b61f043-1930-43d0-add4-ddc5f8c3cd1d""]";0;0;;true;pending;2026-02-04 07:27:45.928164+00;2026-02-07 02:19:54.499412+00
246f40da-72b9-4399-a3ef-3e751b8e49cc;863ebacb-8106-401b-aeff-0f87d99e5e56;;0;MD;MD1;sideout11;"[""cfb182a7-22bc-4b33-be5d-827401f8e025"",""780cdafa-8ba8-4a76-80d8-006dfef4b5fb""]";"[""42a8a42f-4402-4b53-a255-db784c91a06c"",""e19bf19b-fb7c-4caf-9bb6-7e87b19bfa13""]";11;6;;false;completed;2026-02-04 07:27:45.928164+00;2026-02-07 02:31:40.555711+00
527ec7f6-8662-42aa-b914-4218570b06e0;2016bb50-6d6a-4fc7-b4bf-6688c2b52cac;;0;MD;MD1;sideout11;"[""3199cff6-ff13-431b-b716-3750c80bde92"",""1dd2ce98-7065-48bb-81c0-f0c4d7af8bad""]";"[""0743a1c5-845e-48f7-b982-a6694438dd92"",""39392b96-816f-48fd-a4cf-0e8f79185369""]";4;11;;false;completed;2026-02-04 07:27:45.928164+00;2026-02-07 02:51:19.85963+00
24cd2b6e-21e3-44d0-960c-940f4892ff6a;2016bb50-6d6a-4fc7-b4bf-6688c2b52cac;;1;MD;MD2;sideout11;"[""416a5908-fc45-4bb6-a444-6b492ec2fe7f"",""940fed36-2fc5-459e-b289-3d4e769bb739""]";"[""0743a1c5-845e-48f7-b982-a6694438dd92"",""b0dc21a2-a4e2-4fd3-a305-f662107c603a""]";11;4;;false;completed;2026-02-04 07:27:45.928164+00;2026-02-07 02:52:31.230157+00
1619257f-dc8d-4ec0-a3c1-245b964b1b33;c9b74102-42b9-4c7f-a743-d334c4db7417;;3;MD;MD4;sideout11;"[""40368bab-25e3-4435-88f1-08ef458c248f"",""780cdafa-8ba8-4a76-80d8-006dfef4b5fb""]";"[""39392b96-816f-48fd-a4cf-0e8f79185369"",""613cf278-d6f5-475e-b809-69c4aa0a6f4b""]";11;4;;false;completed;2026-02-04 07:27:45.928164+00;2026-02-07 04:07:58.629505+00
98da5757-22b3-44a5-8c7c-b702db5c905b;c9b74102-42b9-4c7f-a743-d334c4db7417;;6;MS;Dreambreaker;rally21;"[""40368bab-25e3-4435-88f1-08ef458c248f"",""cfb182a7-22bc-4b33-be5d-827401f8e025"",""780cdafa-8ba8-4a76-80d8-006dfef4b5fb"",""ea9c120d-3329-413c-9c3f-89c9d90d6dfb""]";"[""0743a1c5-845e-48f7-b982-a6694438dd92"",""b0dc21a2-a4e2-4fd3-a305-f662107c603a"",""613cf278-d6f5-475e-b809-69c4aa0a6f4b"",""39392b96-816f-48fd-a4cf-0e8f79185369""]";0;0;;true;pending;2026-02-04 07:27:45.928164+00;2026-02-07 03:22:45.210505+00
4a14ca6f-e888-4dea-9bca-2b9632ee6181;863ebacb-8106-401b-aeff-0f87d99e5e56;;1;MD;MD2;sideout11;"[""40368bab-25e3-4435-88f1-08ef458c248f"",""55629878-9734-4d3d-a7b3-eda8329a8c59""]";"[""15ca369c-eced-42af-aff3-c34190837b1c"",""e19bf19b-fb7c-4caf-9bb6-7e87b19bfa13""]";10;11;;false;completed;2026-02-04 07:27:45.928164+00;2026-02-07 02:48:56.263792+00
7f264d97-886d-4fdd-9783-89a72e634c1a;d27d6736-3b17-4818-9a70-c3f9abdf3e47;;0;MD;MD1;sideout11;"[""b0dc21a2-a4e2-4fd3-a305-f662107c603a"",""39392b96-816f-48fd-a4cf-0e8f79185369""]";"[""cfd5bfd1-6122-4dc7-9ca8-2b716ff218f5"",""15ca369c-eced-42af-aff3-c34190837b1c""]";11;7;;false;completed;2026-02-04 07:27:45.928164+00;2026-02-07 01:48:44.84306+00
ed84f273-e702-4788-99ef-ead400cc3370;2016bb50-6d6a-4fc7-b4bf-6688c2b52cac;;2;MD;MD3;sideout11;"[""416a5908-fc45-4bb6-a444-6b492ec2fe7f"",""5c0e470c-4b5c-4487-a5e4-5bea02eb684d""]";"[""b0dc21a2-a4e2-4fd3-a305-f662107c603a"",""1b61f043-1930-43d0-add4-ddc5f8c3cd1d""]";0;11;;false;completed;2026-02-04 07:27:45.928164+00;2026-02-07 02:58:29.508015+00
8fc76f42-7251-488a-94b5-0ae69dbe3ee8;863ebacb-8106-401b-aeff-0f87d99e5e56;;2;MD;MD3;sideout11;"[""ea9c120d-3329-413c-9c3f-89c9d90d6dfb"",""cfb182a7-22bc-4b33-be5d-827401f8e025""]";"[""45bcf0d8-23af-4804-a123-27c12640e697"",""cfd5bfd1-6122-4dc7-9ca8-2b716ff218f5""]";11;2;;false;completed;2026-02-04 07:27:45.928164+00;2026-02-07 03:02:53.703909+00
7cc5f841-ab1b-45ba-bd4e-0f640a0ee21b;b42bc8e3-962a-4e9c-a267-6eeb4ca03af1;;3;MD;MD4;sideout11;"[""45bcf0d8-23af-4804-a123-27c12640e697"",""15ca369c-eced-42af-aff3-c34190837b1c""]";"[""1dd2ce98-7065-48bb-81c0-f0c4d7af8bad"",""5c0e470c-4b5c-4487-a5e4-5bea02eb684d""]";10;11;;false;completed;2026-02-04 07:27:45.928164+00;2026-02-07 04:29:50.997861+00
525de757-fdd5-4d17-bba1-c74aabb11f88;863ebacb-8106-401b-aeff-0f87d99e5e56;;6;MS;Dreambreaker;rally21;"[""40368bab-25e3-4435-88f1-08ef458c248f"",""cfb182a7-22bc-4b33-be5d-827401f8e025"",""780cdafa-8ba8-4a76-80d8-006dfef4b5fb"",""ea9c120d-3329-413c-9c3f-89c9d90d6dfb""]";"[""45bcf0d8-23af-4804-a123-27c12640e697"",""e19bf19b-fb7c-4caf-9bb6-7e87b19bfa13"",""cfd5bfd1-6122-4dc7-9ca8-2b716ff218f5"",""15ca369c-eced-42af-aff3-c34190837b1c""]";0;0;;true;pending;2026-02-04 07:27:45.928164+00;2026-02-07 02:19:00.371657+00
28339238-fa3d-4cff-9e14-d51c212ab9ef;b42bc8e3-962a-4e9c-a267-6eeb4ca03af1;;6;MS;Dreambreaker;rally21;"[""45bcf0d8-23af-4804-a123-27c12640e697"",""e19bf19b-fb7c-4caf-9bb6-7e87b19bfa13"",""cfd5bfd1-6122-4dc7-9ca8-2b716ff218f5"",""15ca369c-eced-42af-aff3-c34190837b1c""]";"[""416a5908-fc45-4bb6-a444-6b492ec2fe7f"",""3199cff6-ff13-431b-b716-3750c80bde92"",""1dd2ce98-7065-48bb-81c0-f0c4d7af8bad"",""940fed36-2fc5-459e-b289-3d4e769bb739""]";0;0;;true;pending;2026-02-04 07:27:45.928164+00;2026-02-07 03:23:18.303045+00
51b46d68-c879-456a-9420-ef00423b2cf0;c9b74102-42b9-4c7f-a743-d334c4db7417;;1;MD;MD2;sideout11;"[""40368bab-25e3-4435-88f1-08ef458c248f"",""55629878-9734-4d3d-a7b3-eda8329a8c59""]";"[""0743a1c5-845e-48f7-b982-a6694438dd92"",""613cf278-d6f5-475e-b809-69c4aa0a6f4b""]";11;4;;false;completed;2026-02-04 07:27:45.928164+00;2026-02-07 03:44:56.546709+00
46b81c77-27e1-46eb-b046-6b20dd104a5a;863ebacb-8106-401b-aeff-0f87d99e5e56;;3;MD;MD4;sideout11;"[""780cdafa-8ba8-4a76-80d8-006dfef4b5fb"",""40368bab-25e3-4435-88f1-08ef458c248f""]";"[""15ca369c-eced-42af-aff3-c34190837b1c"",""42a8a42f-4402-4b53-a255-db784c91a06c""]";11;10;;false;completed;2026-02-04 07:27:45.928164+00;2026-02-07 03:20:10.838814+00
20aa3ec2-5e84-45e9-82cf-2796bf43e2f4;74ca8fef-1eb0-41f2-9fec-ad7a20effa7e;;0;MD;AA;sideout11;;;0;0;;false;pending;2026-01-22 09:16:42.432792+00;2026-01-22 09:16:42.432792+00
dd723a04-cc31-4fc0-bd5d-2388784e74ad;961acce2-8da6-493c-9487-901c36f8e892;;0;MX;Đôi 1;sideout11;;;0;0;;false;pending;2026-01-22 05:55:35.757436+00;2026-01-22 05:55:35.757436+00
9020fca8-afd6-40cd-bfd4-685df4af1c8f;961acce2-8da6-493c-9487-901c36f8e892;;1;MX;Đôi 2;sideout11;;;0;0;;false;pending;2026-01-22 05:55:35.757436+00;2026-01-22 05:55:35.757436+00
a73707c9-ec53-496a-99e7-2e00715bb455;961acce2-8da6-493c-9487-901c36f8e892;;2;MX;Đôi 3;sideout11;;;0;0;;false;pending;2026-01-22 05:55:35.757436+00;2026-01-22 05:55:35.757436+00
89b79d3d-f2c3-4c3b-95ff-f93366f425e4;961acce2-8da6-493c-9487-901c36f8e892;;3;MX;Đôi 4;sideout11;;;0;0;;false;pending;2026-01-22 05:55:35.757436+00;2026-01-22 05:55:35.757436+00
1d437d26-e690-47fe-8881-dd44a85b205f;961acce2-8da6-493c-9487-901c36f8e892;;4;MX;Đôi 5;sideout11;;;0;0;;false;pending;2026-01-22 05:55:35.757436+00;2026-01-22 05:55:35.757436+00
946189ab-18ba-4d3d-972f-02d45caddf8a;961acce2-8da6-493c-9487-901c36f8e892;;5;MX;Đôi 6;sideout11;;;0;0;;false;pending;2026-01-22 05:55:35.757436+00;2026-01-22 05:55:35.757436+00
37410b55-641b-4562-a59b-61cd7f288753;961acce2-8da6-493c-9487-901c36f8e892;;6;MX;Đôi 7;sideout11;;;0;0;;false;pending;2026-01-22 05:55:35.757436+00;2026-01-22 05:55:35.757436+00
8588597f-fe6e-40b1-82bd-a4b2a6908680;961acce2-8da6-493c-9487-901c36f8e892;;7;MX;Đôi 8;sideout11;;;0;0;;false;pending;2026-01-22 05:55:35.757436+00;2026-01-22 05:55:35.757436+00
0f05d29a-0d34-40ea-af96-8588c02e7268;961acce2-8da6-493c-9487-901c36f8e892;;8;MS;Dreambreaker;rally21;;;0;0;;true;pending;2026-01-22 05:55:35.757436+00;2026-01-22 05:55:35.757436+00
43b9f1ad-5ccd-4d3d-8352-dc52e9b2bdac;5c028fa4-5200-4388-b753-3ea49d8ef138;;0;MX;Đôi 1;sideout11;;;0;0;;false;pending;2026-01-22 05:55:35.757436+00;2026-01-22 05:55:35.757436+00
e71e67ff-7d1d-42ef-9a52-1673092bbd60;5c028fa4-5200-4388-b753-3ea49d8ef138;;1;MX;Đôi 2;sideout11;;;0;0;;false;pending;2026-01-22 05:55:35.757436+00;2026-01-22 05:55:35.757436+00
e4f89511-5499-4a75-8030-ffd3a2d69c14;5c028fa4-5200-4388-b753-3ea49d8ef138;;2;MX;Đôi 3;sideout11;;;0;0;;false;pending;2026-01-22 05:55:35.757436+00;2026-01-22 05:55:35.757436+00
7e760ccc-828d-4daa-a918-94af2d2f5a4a;5c028fa4-5200-4388-b753-3ea49d8ef138;;3;MX;Đôi 4;sideout11;;;0;0;;false;pending;2026-01-22 05:55:35.757436+00;2026-01-22 05:55:35.757436+00
1b506b04-7745-448e-8d44-db3ef94200b4;5c028fa4-5200-4388-b753-3ea49d8ef138;;4;MX;Đôi 5;sideout11;;;0;0;;false;pending;2026-01-22 05:55:35.757436+00;2026-01-22 05:55:35.757436+00
11c2182e-6af7-42eb-89fc-abc9fdd6d8fd;5c028fa4-5200-4388-b753-3ea49d8ef138;;5;MX;Đôi 6;sideout11;;;0;0;;false;pending;2026-01-22 05:55:35.757436+00;2026-01-22 05:55:35.757436+00
33734520-a8ef-4b9c-b840-d4ec7d7939b3;5c028fa4-5200-4388-b753-3ea49d8ef138;;6;MX;Đôi 7;sideout11;;;0;0;;false;pending;2026-01-22 05:55:35.757436+00;2026-01-22 05:55:35.757436+00
03cf1416-e343-4d5f-abe1-e64a892d2e4b;5c028fa4-5200-4388-b753-3ea49d8ef138;;7;MX;Đôi 8;sideout11;;;0;0;;false;pending;2026-01-22 05:55:35.757436+00;2026-01-22 05:55:35.757436+00
2f2c06fd-8e08-44ed-bc15-e85dd7728ad9;5c028fa4-5200-4388-b753-3ea49d8ef138;;8;MS;Dreambreaker;rally21;;;0;0;;true;pending;2026-01-22 05:55:35.757436+00;2026-01-22 05:55:35.757436+00
53404498-3229-427b-96be-536f7d8bc845;4e09795a-dce9-43c6-887e-be06893eb094;;0;MX;Đôi 1;sideout11;;;0;0;;false;pending;2026-01-22 05:55:35.757436+00;2026-01-22 05:55:35.757436+00
c9768e37-b8b3-4103-bff0-ea96aa0f2768;4e09795a-dce9-43c6-887e-be06893eb094;;1;MX;Đôi 2;sideout11;;;0;0;;false;pending;2026-01-22 05:55:35.757436+00;2026-01-22 05:55:35.757436+00
e54bb2a6-bf72-4111-84f8-2bae212fb0c3;4e09795a-dce9-43c6-887e-be06893eb094;;2;MX;Đôi 3;sideout11;;;0;0;;false;pending;2026-01-22 05:55:35.757436+00;2026-01-22 05:55:35.757436+00
e15fbcc0-dc7f-492b-9995-edf6bb0fa993;4e09795a-dce9-43c6-887e-be06893eb094;;3;MX;Đôi 4;sideout11;;;0;0;;false;pending;2026-01-22 05:55:35.757436+00;2026-01-22 05:55:35.757436+00
0032ee57-f993-4386-921d-00da429b2d44;4e09795a-dce9-43c6-887e-be06893eb094;;4;MX;Đôi 5;sideout11;;;0;0;;false;pending;2026-01-22 05:55:35.757436+00;2026-01-22 05:55:35.757436+00
ec0d28c7-2c49-450c-ab4d-93b767e4b687;4e09795a-dce9-43c6-887e-be06893eb094;;5;MX;Đôi 6;sideout11;;;0;0;;false;pending;2026-01-22 05:55:35.757436+00;2026-01-22 05:55:35.757436+00
53b59498-c038-40b3-a7ab-3649311e565e;4e09795a-dce9-43c6-887e-be06893eb094;;6;MX;Đôi 7;sideout11;;;0;0;;false;pending;2026-01-22 05:55:35.757436+00;2026-01-22 05:55:35.757436+00
af47dec0-6851-469c-89ee-7eeffdc3fa2e;4e09795a-dce9-43c6-887e-be06893eb094;;7;MX;Đôi 8;sideout11;;;0;0;;false;pending;2026-01-22 05:55:35.757436+00;2026-01-22 05:55:35.757436+00
dbe37889-5a80-4350-99e4-092f3eb8878a;4e09795a-dce9-43c6-887e-be06893eb094;;8;MS;Dreambreaker;rally21;;;0;0;;true;pending;2026-01-22 05:55:35.757436+00;2026-01-22 05:55:35.757436+00
c8ed54d7-6432-4f37-9959-9820d0ba0ee6;9f8258bb-c784-4ef1-b203-c76a4024dfcc;;0;MX;Đôi 1;sideout11;;;0;0;;false;pending;2026-01-22 05:55:35.757436+00;2026-01-22 05:55:35.757436+00
4c3ec188-6286-458f-926f-631bfdfa6601;9f8258bb-c784-4ef1-b203-c76a4024dfcc;;1;MX;Đôi 2;sideout11;;;0;0;;false;pending;2026-01-22 05:55:35.757436+00;2026-01-22 05:55:35.757436+00
07c99dc4-9d6f-4311-bea1-a161214e8c55;9f8258bb-c784-4ef1-b203-c76a4024dfcc;;2;MX;Đôi 3;sideout11;;;0;0;;false;pending;2026-01-22 05:55:35.757436+00;2026-01-22 05:55:35.757436+00
0038dd1a-901f-4b95-a8b6-36f5e188c9ca;9f8258bb-c784-4ef1-b203-c76a4024dfcc;;3;MX;Đôi 4;sideout11;;;0;0;;false;pending;2026-01-22 05:55:35.757436+00;2026-01-22 05:55:35.757436+00
e6509a59-4bfb-46fe-9ece-3926b870a3be;9f8258bb-c784-4ef1-b203-c76a4024dfcc;;4;MX;Đôi 5;sideout11;;;0;0;;false;pending;2026-01-22 05:55:35.757436+00;2026-01-22 05:55:35.757436+00
0f8f1fe3-3247-456f-8217-6d7ef5111e5c;9f8258bb-c784-4ef1-b203-c76a4024dfcc;;5;MX;Đôi 6;sideout11;;;0;0;;false;pending;2026-01-22 05:55:35.757436+00;2026-01-22 05:55:35.757436+00
f394b46a-f3dc-4340-9c95-38e62941b2d7;9f8258bb-c784-4ef1-b203-c76a4024dfcc;;6;MX;Đôi 7;sideout11;;;0;0;;false;pending;2026-01-22 05:55:35.757436+00;2026-01-22 05:55:35.757436+00
d4ac0867-475e-43e9-b990-35a7ffdd46b8;9f8258bb-c784-4ef1-b203-c76a4024dfcc;;7;MX;Đôi 8;sideout11;;;0;0;;false;pending;2026-01-22 05:55:35.757436+00;2026-01-22 05:55:35.757436+00
f75e2ce6-bd19-4255-a004-b9b09500a8a1;9f8258bb-c784-4ef1-b203-c76a4024dfcc;;8;MS;Dreambreaker;rally21;;;0;0;;true;pending;2026-01-22 05:55:35.757436+00;2026-01-22 05:55:35.757436+00
55182e6f-c2dc-446c-a9e0-af05132ecc2a;54b7e283-ff81-47b5-a15d-2a2577a0426c;;0;MX;Đôi 1;sideout11;;;0;0;;false;pending;2026-01-22 05:55:35.757436+00;2026-01-22 05:55:35.757436+00
d1874b34-169d-4682-bdbc-c22ab427084d;54b7e283-ff81-47b5-a15d-2a2577a0426c;;1;MX;Đôi 2;sideout11;;;0;0;;false;pending;2026-01-22 05:55:35.757436+00;2026-01-22 05:55:35.757436+00
01ed76ec-2f1e-44f7-a9f0-327ca2aa798e;54b7e283-ff81-47b5-a15d-2a2577a0426c;;2;MX;Đôi 3;sideout11;;;0;0;;false;pending;2026-01-22 05:55:35.757436+00;2026-01-22 05:55:35.757436+00
31f506b0-8789-43ca-bc97-7d4bd0ddc9df;54b7e283-ff81-47b5-a15d-2a2577a0426c;;3;MX;Đôi 4;sideout11;;;0;0;;false;pending;2026-01-22 05:55:35.757436+00;2026-01-22 05:55:35.757436+00
d7206bb7-5c6f-4c6f-b308-ddc99ec9cad8;54b7e283-ff81-47b5-a15d-2a2577a0426c;;4;MX;Đôi 5;sideout11;;;0;0;;false;pending;2026-01-22 05:55:35.757436+00;2026-01-22 05:55:35.757436+00
69e7b628-d32e-4540-9622-397dc6eb3acf;54b7e283-ff81-47b5-a15d-2a2577a0426c;;5;MX;Đôi 6;sideout11;;;0;0;;false;pending;2026-01-22 05:55:35.757436+00;2026-01-22 05:55:35.757436+00
73e06929-5246-45ea-81b5-2860d749fde5;54b7e283-ff81-47b5-a15d-2a2577a0426c;;6;MX;Đôi 7;sideout11;;;0;0;;false;pending;2026-01-22 05:55:35.757436+00;2026-01-22 05:55:35.757436+00
429bf8f4-4faa-4c9d-b42c-c4bf423c72d5;54b7e283-ff81-47b5-a15d-2a2577a0426c;;7;MX;Đôi 8;sideout11;;;0;0;;false;pending;2026-01-22 05:55:35.757436+00;2026-01-22 05:55:35.757436+00
503403a8-ead6-499a-9431-502708a62498;54b7e283-ff81-47b5-a15d-2a2577a0426c;;8;MS;Dreambreaker;rally21;;;0;0;;true;pending;2026-01-22 05:55:35.757436+00;2026-01-22 05:55:35.757436+00
e24462a8-1f06-4654-82a8-6e16d38e02ed;86354d26-ee50-439a-872f-1edf206a9cae;;0;MX;Đôi 1;sideout11;;;0;0;;false;pending;2026-01-22 05:55:35.757436+00;2026-01-22 05:55:35.757436+00
398b6d8a-a9ce-46ce-8b31-fd94b26af1a0;86354d26-ee50-439a-872f-1edf206a9cae;;1;MX;Đôi 2;sideout11;;;0;0;;false;pending;2026-01-22 05:55:35.757436+00;2026-01-22 05:55:35.757436+00
76a42ce6-e96b-4dfc-95fa-1cb174ddd396;86354d26-ee50-439a-872f-1edf206a9cae;;2;MX;Đôi 3;sideout11;;;0;0;;false;pending;2026-01-22 05:55:35.757436+00;2026-01-22 05:55:35.757436+00
d0bac053-fe14-4817-9e4a-746163b5279a;86354d26-ee50-439a-872f-1edf206a9cae;;3;MX;Đôi 4;sideout11;;;0;0;;false;pending;2026-01-22 05:55:35.757436+00;2026-01-22 05:55:35.757436+00
68b308fc-f245-48fb-82a0-4033a3be24dd;86354d26-ee50-439a-872f-1edf206a9cae;;4;MX;Đôi 5;sideout11;;;0;0;;false;pending;2026-01-22 05:55:35.757436+00;2026-01-22 05:55:35.757436+00
0613392c-9f8d-45d5-886d-fdd3f58ce4c0;86354d26-ee50-439a-872f-1edf206a9cae;;5;MX;Đôi 6;sideout11;;;0;0;;false;pending;2026-01-22 05:55:35.757436+00;2026-01-22 05:55:35.757436+00
50ec5d24-5d97-4d94-9983-e533f041f437;86354d26-ee50-439a-872f-1edf206a9cae;;6;MX;Đôi 7;sideout11;;;0;0;;false;pending;2026-01-22 05:55:35.757436+00;2026-01-22 05:55:35.757436+00
38f6873f-4d82-4e22-a5ea-90402f656c4b;86354d26-ee50-439a-872f-1edf206a9cae;;7;MX;Đôi 8;sideout11;;;0;0;;false;pending;2026-01-22 05:55:35.757436+00;2026-01-22 05:55:35.757436+00
8588ada8-8345-4b5a-9f18-650c53937e6f;86354d26-ee50-439a-872f-1edf206a9cae;;8;MS;Dreambreaker;rally21;;;0;0;;true;pending;2026-01-22 05:55:35.757436+00;2026-01-22 05:55:35.757436+00
5dfdb553-2549-41fb-8439-ae4eccf55f12;dd2b9f17-b125-4dc3-8663-97c07754de1f;;1;MD;BB;sideout11;"[""a82f498f-dda2-4238-b5dd-add53f67abc0"",""7c056aa7-dfb4-4a01-8581-a3c96adf13bc""]";;0;0;;false;pending;2026-01-22 09:16:42.432792+00;2026-01-22 13:31:10.339655+00
3da16231-2ffa-4638-840d-59c349e255fd;dd2b9f17-b125-4dc3-8663-97c07754de1f;;3;MD;MIX;sideout11;"[""caced8ee-2c73-46be-8e55-5bb91f74c1a5"",""a82f498f-dda2-4238-b5dd-add53f67abc0""]";;0;0;;false;pending;2026-01-22 09:16:42.432792+00;2026-01-22 13:31:11.127634+00
66e4bee1-e922-457a-bcc3-625fe7630049;74ca8fef-1eb0-41f2-9fec-ad7a20effa7e;;1;MD;BB;sideout11;;;0;0;;false;pending;2026-01-22 09:16:42.432792+00;2026-01-22 09:16:42.432792+00
bed73e79-8715-4a69-ad26-7fca33e90510;74ca8fef-1eb0-41f2-9fec-ad7a20effa7e;;2;MD;CC;sideout11;;;0;0;;false;pending;2026-01-22 09:16:42.432792+00;2026-01-22 09:16:42.432792+00
1290c0ff-56b9-4462-afbb-c27716e201ec;74ca8fef-1eb0-41f2-9fec-ad7a20effa7e;;3;MD;MIX;sideout11;;;0;0;;false;pending;2026-01-22 09:16:42.432792+00;2026-01-22 09:16:42.432792+00
28e18674-eb48-4fd9-b8e4-5329461c8f38;74ca8fef-1eb0-41f2-9fec-ad7a20effa7e;;4;MS;Dreambreaker;rally21;;;0;0;;true;pending;2026-01-22 09:16:42.432792+00;2026-01-22 09:16:42.432792+00
a5f9474e-d8dc-47cb-ad4c-37ba4ee0e5f6;861aafe0-797f-4c92-b9fe-241d2f1ea8b6;;0;MD;AA;sideout11;;;0;0;;false;pending;2026-01-22 09:16:42.432792+00;2026-01-22 09:16:42.432792+00
0f225df0-4619-476c-a6f1-571b112470de;861aafe0-797f-4c92-b9fe-241d2f1ea8b6;;1;MD;BB;sideout11;;;0;0;;false;pending;2026-01-22 09:16:42.432792+00;2026-01-22 09:16:42.432792+00
d7e0792c-34c7-4318-85e3-26a19009b96c;861aafe0-797f-4c92-b9fe-241d2f1ea8b6;;2;MD;CC;sideout11;;;0;0;;false;pending;2026-01-22 09:16:42.432792+00;2026-01-22 09:16:42.432792+00
f30f6578-2082-420a-9fea-b5662c120374;861aafe0-797f-4c92-b9fe-241d2f1ea8b6;;3;MD;MIX;sideout11;;;0;0;;false;pending;2026-01-22 09:16:42.432792+00;2026-01-22 09:16:42.432792+00
fda1eda7-50b8-4217-bbe1-5849a0b9f54e;861aafe0-797f-4c92-b9fe-241d2f1ea8b6;;4;MS;Dreambreaker;rally21;;;0;0;;true;pending;2026-01-22 09:16:42.432792+00;2026-01-22 09:16:42.432792+00
163e1dd1-d2e1-4c6b-b28a-69218405e2ba;e2bae194-146f-4b94-b7af-de3d9b619a98;;0;MD;AA;sideout11;;;0;0;;false;pending;2026-01-22 09:16:42.432792+00;2026-01-22 09:16:42.432792+00
cbf14298-8070-4bda-a28d-35cb4069eacc;e2bae194-146f-4b94-b7af-de3d9b619a98;;1;MD;BB;sideout11;;;0;0;;false;pending;2026-01-22 09:16:42.432792+00;2026-01-22 09:16:42.432792+00
3a578ced-312b-48dd-aa4e-42c832a0b5cb;e2bae194-146f-4b94-b7af-de3d9b619a98;;2;MD;CC;sideout11;;;0;0;;false;pending;2026-01-22 09:16:42.432792+00;2026-01-22 09:16:42.432792+00
ef29295d-d2ab-4027-bc9c-850da4ad4247;e2bae194-146f-4b94-b7af-de3d9b619a98;;3;MD;MIX;sideout11;;;0;0;;false;pending;2026-01-22 09:16:42.432792+00;2026-01-22 09:16:42.432792+00
a4cc3bec-0a96-4f66-98d1-0a60e3d651ae;e2bae194-146f-4b94-b7af-de3d9b619a98;;4;MS;Dreambreaker;rally21;;;0;0;;true;pending;2026-01-22 09:16:42.432792+00;2026-01-22 09:16:42.432792+00
11c122d1-92a4-44df-97cf-75cf23aa9ebf;ade54960-b370-4b43-aca9-2dc732b4c7b0;;0;MD;AA;sideout11;;;0;0;;false;pending;2026-01-22 09:16:42.432792+00;2026-01-22 09:16:42.432792+00
08a10360-8867-4bb4-ac6d-9edf72d03402;ade54960-b370-4b43-aca9-2dc732b4c7b0;;1;MD;BB;sideout11;;;0;0;;false;pending;2026-01-22 09:16:42.432792+00;2026-01-22 09:16:42.432792+00
56817e2d-cd80-4d07-b74c-d0f8350c02d9;ade54960-b370-4b43-aca9-2dc732b4c7b0;;2;MD;CC;sideout11;;;0;0;;false;pending;2026-01-22 09:16:42.432792+00;2026-01-22 09:16:42.432792+00
bb2b238a-f748-4240-9288-7f750defccfd;ade54960-b370-4b43-aca9-2dc732b4c7b0;;3;MD;MIX;sideout11;;;0;0;;false;pending;2026-01-22 09:16:42.432792+00;2026-01-22 09:16:42.432792+00
817dcdaf-ac5b-4bd1-bd05-1d0c59e58670;ade54960-b370-4b43-aca9-2dc732b4c7b0;;4;MS;Dreambreaker;rally21;;;0;0;;true;pending;2026-01-22 09:16:42.432792+00;2026-01-22 09:16:42.432792+00
5a8abd93-056a-4861-9fab-86953a6fce67;39eacdc1-f4fa-48dc-8da1-ee07dc15b997;;0;MD;AA;sideout11;;;0;0;;false;pending;2026-01-22 09:16:42.432792+00;2026-01-22 09:16:42.432792+00
b55149cc-397c-490f-b568-531d81acd5bd;39eacdc1-f4fa-48dc-8da1-ee07dc15b997;;1;MD;BB;sideout11;;;0;0;;false;pending;2026-01-22 09:16:42.432792+00;2026-01-22 09:16:42.432792+00
bb1f1688-7600-47b8-89b2-13259ea9137c;39eacdc1-f4fa-48dc-8da1-ee07dc15b997;;2;MD;CC;sideout11;;;0;0;;false;pending;2026-01-22 09:16:42.432792+00;2026-01-22 09:16:42.432792+00
3f5bad98-3420-4c7a-b120-d52795e6da26;39eacdc1-f4fa-48dc-8da1-ee07dc15b997;;3;MD;MIX;sideout11;;;0;0;;false;pending;2026-01-22 09:16:42.432792+00;2026-01-22 09:16:42.432792+00
29c8e7c0-4b97-4d27-8747-679d519f17ab;39eacdc1-f4fa-48dc-8da1-ee07dc15b997;;4;MS;Dreambreaker;rally21;;;0;0;;true;pending;2026-01-22 09:16:42.432792+00;2026-01-22 09:16:42.432792+00
7a9c7e85-aef8-421c-9db4-05a97ede4466;dd2b9f17-b125-4dc3-8663-97c07754de1f;;0;MD;AA;sideout11;"[""caced8ee-2c73-46be-8e55-5bb91f74c1a5"",""d501eae0-81f0-472a-a4c2-c9949ee0567f""]";;0;0;;false;pending;2026-01-22 09:16:42.432792+00;2026-01-22 13:31:09.999075+00
780c1c6c-90aa-45c7-8ba4-55a272d6786c;dd2b9f17-b125-4dc3-8663-97c07754de1f;;2;MD;CC;sideout11;"[""37f42fbb-347c-4c1e-a4a2-9b92039b1a24"",""27aeb5c8-f2fb-4906-b8d5-6ce29e49b8be""]";;0;0;;false;pending;2026-01-22 09:16:42.432792+00;2026-01-22 13:31:10.682598+00
42c0a00d-e168-4167-82df-e0f9323e1206;dd2b9f17-b125-4dc3-8663-97c07754de1f;;4;MS;Dreambreaker;rally21;"[""caced8ee-2c73-46be-8e55-5bb91f74c1a5"",""d501eae0-81f0-472a-a4c2-c9949ee0567f"",""a82f498f-dda2-4238-b5dd-add53f67abc0"",""7c056aa7-dfb4-4a01-8581-a3c96adf13bc""]";;0;0;;true;pending;2026-01-22 09:16:42.432792+00;2026-01-22 13:31:11.480589+00